gender,race/ethnicity,parental level of education,lunch,test preparation course,math score,reading score,writing score
0.0,0.75,0.8,1.0,0.0,0.5176470588235293,0.6,0.7411764705882353
1.0,0.75,0.0,1.0,1.0,0.9529411764705882,0.9066666666666666,0.8470588235294116
0.0,0.75,0.8,0.0,1.0,0.4941176470588235,0.68,0.7294117647058824
1.0,0.25,0.8,0.0,1.0,0.6470588235294117,0.6,0.5647058823529412
0.0,0.75,0.0,1.0,1.0,0.8,0.7999999999999999,0.8352941176470587
1.0,0.5,1.0,1.0,1.0,0.6235294117647059,0.42666666666666664,0.4588235294117647
0.0,1.0,0.0,1.0,1.0,0.7882352941176471,0.7733333333333333,0.7647058823529411
0.0,0.25,1.0,1.0,1.0,0.36470588235294116,0.48,0.5058823529411764
1.0,0.5,1.0,1.0,1.0,0.7647058823529411,0.6666666666666666,0.6823529411764706
0.0,0.5,0.2,1.0,0.0,0.4941176470588235,0.5866666666666667,0.7294117647058824
1.0,0.25,1.0,1.0,1.0,0.6941176470588235,0.5866666666666667,0.6352941176470588
1.0,0.25,0.6000000000000001,1.0,1.0,0.4470588235294118,0.33333333333333337,0.39999999999999997
1.0,0.25,0.2,0.0,1.0,0.7176470588235293,0.6533333333333333,0.7176470588235293
1.0,0.0,0.8,1.0,1.0,0.6470588235294117,0.64,0.6470588235294117
1.0,0.5,0.6000000000000001,0.0,1.0,0.4705882352941177,0.3866666666666667,0.4352941176470589
1.0,1.0,0.6000000000000001,0.0,1.0,0.4823529411764706,0.28,0.32941176470588235
0.0,0.5,0.8,0.0,1.0,0.23529411764705882,0.29333333333333333,0.3058823529411765
0.0,0.5,0.4,1.0,1.0,0.8470588235294116,0.8933333333333334,0.776470588235294
0.0,1.0,0.0,0.0,1.0,0.7647058823529411,0.7600000000000001,0.8235294117647058
0.0,0.75,0.0,1.0,0.0,0.588235294117647,0.6133333333333334,0.6941176470588235
1.0,0.5,0.4,0.0,1.0,0.6000000000000001,0.5466666666666666,0.5529411764705883
0.0,0.75,0.0,1.0,0.0,0.611764705882353,0.6133333333333334,0.7176470588235293
0.0,0.25,0.8,1.0,1.0,0.6470588235294117,0.6133333333333334,0.6588235294117648
1.0,1.0,0.0,1.0,1.0,0.8705882352941177,0.84,0.8352941176470587
1.0,0.75,0.0,1.0,0.0,0.9882352941176471,0.7999999999999999,0.8588235294117645
1.0,0.25,0.8,1.0,1.0,0.6941176470588235,0.7733333333333333,0.6705882352941177
1.0,0.75,0.4,0.0,1.0,0.5058823529411764,0.36,0.4235294117647059
1.0,0.75,1.0,1.0,1.0,0.6470588235294117,0.5466666666666666,0.5176470588235293
0.0,1.0,0.0,1.0,1.0,0.7647058823529411,0.7200000000000001,0.6588235294117648
1.0,0.75,0.0,1.0,1.0,0.8823529411764706,0.8266666666666668,0.8352941176470587
0.0,0.25,0.0,1.0,0.0,0.7647058823529411,0.7466666666666667,0.8235294117647058
0.0,0.75,0.0,0.0,1.0,0.6235294117647059,0.68,0.7529411764705882
0.0,0.25,0.4,0.0,0.0,0.6352941176470588,0.7066666666666667,0.7058823529411764
0.0,0.75,0.6000000000000001,0.0,1.0,0.2,0.1333333333333333,0.25882352941176473
1.0,0.75,0.4,1.0,0.0,0.7882352941176471,0.7600000000000001,0.7882352941176471
0.0,0.0,1.0,1.0,1.0,0.4941176470588235,0.3733333333333333,0.4588235294117647
0.0,1.0,0.8,0.0,1.0,0.6352941176470588,0.6533333333333333,0.7058823529411764
1.0,0.75,0.0,1.0,0.0,0.6235294117647059,0.5466666666666666,0.6705882352941177
1.0,0.5,0.0,0.0,0.0,0.6941176470588235,0.7999999999999999,0.8470588235294116
1.0,1.0,0.6000000000000001,1.0,1.0,0.8705882352941177,0.7999999999999999,0.7411764705882353
1.0,0.5,0.0,0.0,0.0,0.36470588235294116,0.28,0.38823529411764707
1.0,0.5,0.0,1.0,0.0,0.7176470588235293,0.7600000000000001,0.7294117647058824
1.0,0.25,0.4,1.0,1.0,0.8352941176470587,0.7600000000000001,0.6705882352941177
1.0,0.75,0.8,1.0,1.0,0.6352941176470588,0.64,0.611764705882353
0.0,0.25,0.4,1.0,1.0,0.4352941176470589,0.41333333333333333,0.4588235294117647
1.0,0.5,0.2,1.0,1.0,0.5647058823529412,0.6133333333333334,0.588235294117647
1.0,0.0,0.0,1.0,0.0,0.9529411764705882,0.7600000000000001,0.8823529411764706
1.0,0.5,0.8,1.0,0.0,0.7647058823529411,0.68,0.6235294117647059
0.0,1.0,0.4,1.0,1.0,0.5176470588235293,0.36,0.4823529411764706
1.0,0.75,1.0,1.0,0.0,0.7647058823529411,0.6933333333333335,0.7647058823529411
0.0,1.0,0.4,0.0,0.0,0.588235294117647,0.6933333333333335,0.6941176470588235
0.0,1.0,0.6000000000000001,0.0,0.0,0.6941176470588235,0.7733333333333333,0.8117647058823529
1.0,0.75,1.0,1.0,1.0,0.8823529411764706,0.9066666666666666,0.8117647058823529
0.0,0.25,0.8,1.0,0.0,0.6352941176470588,0.6266666666666667,0.6705882352941177
1.0,0.5,0.4,1.0,1.0,0.6352941176470588,0.56,0.5647058823529412
0.0,0.5,0.8,1.0,1.0,0.5529411764705883,0.52,0.5411764705882354
0.0,0.75,0.6000000000000001,1.0,1.0,0.611764705882353,0.6666666666666666,0.7647058823529411
0.0,1.0,1.0,1.0,0.0,0.8705882352941177,0.9066666666666666,0.9176470588235293
0.0,0.5,0.2,1.0,1.0,0.7529411764705882,0.8133333333333334,0.7411764705882353
1.0,0.5,1.0,1.0,1.0,0.611764705882353,0.5466666666666666,0.6000000000000001
1.0,0.75,1.0,1.0,0.0,0.7882352941176471,0.6533333333333333,0.7058823529411764
1.0,0.5,1.0,0.0,0.0,0.5647058823529412,0.5866666666666667,0.5647058823529412
0.0,0.75,0.8,0.0,1.0,0.6588235294117648,0.7733333333333333,0.7647058823529411
0.0,0.5,0.0,1.0,1.0,0.4705882352941177,0.5733333333333334,0.6823529411764706
0.0,0.25,0.4,0.0,1.0,0.5411764705882354,0.6533333333333333,0.6588235294117648
0.0,0.25,0.0,0.0,1.0,0.23529411764705882,0.12,0.24705882352941178
1.0,0.5,0.4,0.0,1.0,0.7058823529411764,0.6933333333333335,0.6000000000000001
0.0,0.25,1.0,0.0,0.0,0.6823529411764706,0.88,0.8588235294117645
0.0,0.5,0.4,0.0,1.0,0.4823529411764706,0.4933333333333334,0.4941176470588235
1.0,0.75,0.0,1.0,1.0,0.7647058823529411,0.6,0.6823529411764706
1.0,0.5,1.0,1.0,0.0,0.8,0.7466666666666667,0.7411764705882353
0.0,0.75,0.8,0.0,0.0,0.5764705882352941,0.7600000000000001,0.7647058823529411
0.0,0.5,1.0,1.0,1.0,0.09411764705882353,0.10666666666666663,0.21176470588235297
0.0,0.75,1.0,0.0,0.0,0.3058823529411765,0.44000000000000006,0.5176470588235293
1.0,1.0,0.8,1.0,0.0,0.5411764705882354,0.31999999999999995,0.4352941176470589
1.0,0.25,0.2,1.0,1.0,0.5647058823529412,0.28,0.36470588235294116
1.0,0.25,0.0,0.0,0.0,0.8117647058823529,0.88,0.8705882352941177
1.0,0.5,0.8,1.0,1.0,0.4705882352941177,0.48,0.5176470588235293
1.0,0.0,0.0,1.0,0.0,0.8235294117647058,0.6666666666666666,0.6941176470588235
1.0,0.25,0.4,1.0,1.0,0.588235294117647,0.48,0.4941176470588235
1.0,0.5,0.0,1.0,1.0,0.8588235294117645,0.7333333333333333,0.776470588235294
1.0,0.75,0.6000000000000001,0.0,0.0,0.8941176470588235,0.9066666666666666,0.9411764705882353
0.0,0.0,0.8,1.0,1.0,0.4235294117647059,0.28,0.31764705882352945
1.0,0.5,0.8,1.0,0.0,0.6823529411764706,0.6933333333333335,0.7176470588235293
0.0,0.75,0.8,1.0,1.0,0.6823529411764706,0.8533333333333334,0.8705882352941177
1.0,0.75,0.6000000000000001,1.0,1.0,1.0,0.9600000000000001,0.8941176470588235
0.0,0.75,1.0,1.0,0.0,0.38823529411764707,0.5733333333333334,0.6235294117647059
1.0,1.0,0.8,1.0,1.0,0.976470588235294,0.7200000000000001,0.8235294117647058
1.0,0.25,0.6000000000000001,1.0,1.0,0.6235294117647059,0.5333333333333333,0.5294117647058822
1.0,0.5,0.2,1.0,1.0,0.5764705882352941,0.4933333333333334,0.5058823529411764
1.0,0.5,0.0,0.0,0.0,0.6705882352941177,0.56,0.5411764705882354
0.0,0.5,0.2,1.0,1.0,0.5647058823529412,0.6533333333333333,0.7058823529411764
1.0,0.5,0.8,1.0,1.0,0.32941176470588235,0.3466666666666667,0.27058823529411763
1.0,0.75,0.8,1.0,1.0,0.7647058823529411,0.6666666666666666,0.6941176470588235
0.0,0.5,0.8,1.0,1.0,0.6588235294117648,0.84,0.8
0.0,0.5,0.0,1.0,0.0,0.8941176470588235,0.9466666666666667,0.9647058823529411
0.0,0.75,0.8,1.0,0.0,0.6235294117647059,0.7866666666666667,0.8470588235294116
0.0,0.25,0.0,1.0,1.0,0.6823529411764706,0.7333333333333333,0.7411764705882353
0.0,0.25,0.4,0.0,0.0,0.7058823529411764,0.8666666666666668,0.9411764705882353
1.0,0.5,0.8,0.0,1.0,0.8,0.4933333333333334,0.5764705882352941
1.0,0.75,0.4,1.0,1.0,0.8588235294117645,0.6266666666666667,0.6941176470588235
1.0,0.5,0.2,1.0,1.0,0.5176470588235293,0.33333333333333337,0.4470588235294118
1.0,0.75,0.0,1.0,1.0,0.6941176470588235,0.5866666666666667,0.5647058823529412
0.0,0.5,0.8,0.0,1.0,0.32941176470588235,0.44000000000000006,0.5294117647058822
0.0,0.5,0.4,0.0,1.0,0.7176470588235293,0.8666666666666668,0.8117647058823529
0.0,0.75,1.0,1.0,1.0,0.6941176470588235,0.6666666666666666,0.6941176470588235
0.0,0.25,1.0,1.0,0.0,0.6352941176470588,0.68,0.6705882352941177
0.0,0.25,1.0,1.0,1.0,0.5529411764705883,0.7066666666666667,0.6941176470588235
1.0,0.5,0.0,0.0,0.0,0.5411764705882354,0.44000000000000006,0.4823529411764706
1.0,1.0,0.8,1.0,1.0,0.8588235294117645,0.7466666666666667,0.7294117647058824
0.0,0.75,1.0,0.0,0.0,0.5764705882352941,0.7866666666666667,0.8
0.0,0.25,0.2,1.0,1.0,0.588235294117647,0.7200000000000001,0.6823529411764706
0.0,0.5,0.8,1.0,0.0,0.6823529411764706,0.8133333333333334,0.8705882352941177
0.0,0.5,0.6000000000000001,1.0,0.0,0.411764705882353,0.52,0.5647058823529412
0.0,0.25,0.0,1.0,0.0,0.5647058823529412,0.6266666666666667,0.7411764705882353
0.0,1.0,0.2,1.0,1.0,0.976470588235294,0.9333333333333335,1.0
0.0,1.0,0.4,1.0,1.0,0.8823529411764706,0.9466666666666667,0.8588235294117645
1.0,0.5,0.4,0.0,0.0,0.5764705882352941,0.6133333333333334,0.6235294117647059
0.0,0.25,0.4,0.0,1.0,0.27058823529411763,0.4,0.4352941176470589
0.0,0.25,0.2,1.0,1.0,0.8117647058823529,0.88,0.9176470588235293
1.0,0.75,0.4,1.0,0.0,0.776470588235294,0.6533333333333333,0.7529411764705882
1.0,0.75,0.6000000000000001,1.0,1.0,0.7882352941176471,0.7866666666666667,0.776470588235294
0.0,0.75,0.0,0.0,0.0,0.5764705882352941,0.56,0.7058823529411764
0.0,0.25,0.4,1.0,1.0,0.4705882352941177,0.4666666666666667,0.611764705882353
0.0,0.75,0.2,0.0,0.0,0.5176470588235293,0.7066666666666667,0.7647058823529411
0.0,1.0,0.8,1.0,1.0,0.8,0.8666666666666668,0.8588235294117645
1.0,0.25,0.0,1.0,0.0,0.7176470588235293,0.7200000000000001,0.7647058823529411
0.0,0.75,1.0,1.0,0.0,0.8,0.9333333333333335,0.9647058823529411
0.0,0.5,0.0,1.0,1.0,0.6352941176470588,0.6666666666666666,0.7058823529411764
0.0,0.5,0.8,0.0,1.0,0.32941176470588235,0.5333333333333333,0.5294117647058822
0.0,0.5,0.0,0.0,1.0,0.4352941176470589,0.5333333333333333,0.5294117647058822
0.0,0.5,0.8,1.0,1.0,0.4823529411764706,0.44000000000000006,0.4705882352941177
1.0,0.75,1.0,0.0,0.0,0.37647058823529417,0.28,0.4235294117647059
1.0,0.75,0.6000000000000001,1.0,1.0,0.6588235294117648,0.48,0.5647058823529412
0.0,0.5,0.6000000000000001,1.0,0.0,0.6000000000000001,0.6,0.8
1.0,0.5,0.8,1.0,1.0,0.776470588235294,0.5333333333333333,0.5294117647058822
0.0,1.0,0.6000000000000001,1.0,1.0,0.8235294117647058,0.8666666666666668,0.8588235294117645
0.0,1.0,0.6000000000000001,1.0,1.0,0.7176470588235293,0.6933333333333335,0.7294117647058824
0.0,0.75,0.8,0.0,1.0,0.411764705882353,0.5466666666666666,0.6000000000000001
1.0,0.5,0.4,1.0,1.0,0.7176470588235293,0.7466666666666667,0.6941176470588235
1.0,0.5,0.8,1.0,1.0,0.588235294117647,0.52,0.5411764705882354
0.0,0.75,0.4,1.0,1.0,0.5176470588235293,0.5866666666666667,0.5764705882352941
1.0,0.5,0.4,1.0,1.0,0.8117647058823529,0.6933333333333335,0.7647058823529411
1.0,1.0,0.2,1.0,1.0,0.8235294117647058,0.6933333333333335,0.7411764705882353
0.0,0.75,0.0,1.0,1.0,0.5411764705882354,0.41333333333333333,0.5294117647058822
0.0,0.0,0.2,1.0,0.0,0.6823529411764706,0.7200000000000001,0.776470588235294
1.0,0.75,1.0,1.0,1.0,0.7882352941176471,0.6933333333333335,0.6705882352941177
0.0,1.0,0.0,1.0,1.0,0.7058823529411764,0.6,0.6588235294117648
1.0,0.5,0.2,1.0,1.0,0.8941176470588235,0.7733333333333333,0.7882352941176471
0.0,0.5,0.6000000000000001,1.0,1.0,0.611764705882353,0.7066666666666667,0.7647058823529411
1.0,0.75,0.4,1.0,0.0,0.5529411764705883,0.5866666666666667,0.611764705882353
1.0,0.25,0.6000000000000001,1.0,1.0,0.5411764705882354,0.41333333333333333,0.4352941176470589
0.0,0.5,0.4,1.0,1.0,0.6000000000000001,0.6933333333333335,0.7647058823529411
1.0,0.0,0.6000000000000001,1.0,1.0,0.5176470588235293,0.42666666666666664,0.4235294117647059
1.0,1.0,0.8,1.0,1.0,0.8588235294117645,0.68,0.776470588235294
0.0,0.25,0.0,0.0,1.0,0.611764705882353,0.64,0.6941176470588235
0.0,0.25,0.0,1.0,0.0,0.8941176470588235,0.9866666666666667,1.0
1.0,0.5,0.0,0.0,0.0,0.8470588235294116,0.7600000000000001,0.7529411764705882
1.0,0.25,0.8,1.0,0.0,0.8,0.7200000000000001,0.7647058823529411
0.0,0.75,0.0,1.0,1.0,0.6470588235294117,0.7200000000000001,0.7176470588235293
1.0,1.0,0.0,1.0,1.0,0.8,0.7733333333333333,0.7411764705882353
1.0,0.5,0.0,1.0,1.0,0.39999999999999997,0.3733333333333333,0.37647058823529417
1.0,0.75,0.4,1.0,0.0,0.588235294117647,0.4666666666666667,0.4941176470588235
1.0,0.25,0.0,0.0,0.0,0.411764705882353,0.41333333333333333,0.4705882352941177
1.0,0.0,0.8,1.0,1.0,0.5529411764705883,0.44000000000000006,0.4941176470588235
1.0,1.0,0.2,1.0,1.0,0.4823529411764706,0.33333333333333337,0.411764705882353
0.0,0.5,0.0,1.0,1.0,0.34117647058823525,0.31999999999999995,0.4470588235294118
0.0,1.0,1.0,0.0,1.0,0.5647058823529412,0.6266666666666667,0.5294117647058822
1.0,0.75,0.4,1.0,0.0,0.6705882352941177,0.5866666666666667,0.6941176470588235
0.0,0.75,0.2,0.0,0.0,0.5764705882352941,0.6933333333333335,0.7294117647058824
0.0,0.25,0.8,1.0,0.0,0.5411764705882354,0.6666666666666666,0.7882352941176471
1.0,0.75,0.8,0.0,1.0,0.7882352941176471,0.6266666666666667,0.6352941176470588
0.0,0.0,1.0,1.0,0.0,0.4941176470588235,0.5733333333333334,0.6941176470588235
1.0,1.0,0.6000000000000001,1.0,1.0,0.32941176470588235,0.2666666666666667,0.27058823529411763
1.0,0.75,1.0,1.0,1.0,0.6352941176470588,0.41333333333333333,0.5176470588235293
0.0,0.75,0.6000000000000001,1.0,1.0,0.5529411764705883,0.6133333333333334,0.6941176470588235
0.0,0.25,1.0,1.0,1.0,0.5294117647058822,0.64,0.6235294117647059
1.0,1.0,0.4,1.0,1.0,0.776470588235294,0.6,0.6470588235294117
0.0,0.5,0.0,0.0,0.0,0.6235294117647059,0.7866666666666667,0.8470588235294116
1.0,0.5,0.0,1.0,1.0,0.588235294117647,0.5066666666666667,0.4941176470588235
0.0,0.25,0.4,1.0,1.0,0.5176470588235293,0.6266666666666667,0.611764705882353
0.0,0.25,0.0,1.0,1.0,0.776470588235294,0.8533333333333334,0.8352941176470587
1.0,0.0,0.6000000000000001,0.0,1.0,0.8117647058823529,0.7999999999999999,0.8470588235294116
0.0,0.0,0.4,1.0,0.0,0.4823529411764706,0.5733333333333334,0.6470588235294117
1.0,0.25,0.6000000000000001,0.0,0.0,0.6588235294117648,0.6666666666666666,0.6823529411764706
0.0,0.75,0.6000000000000001,0.0,1.0,0.9176470588235293,0.9733333333333333,0.9294117647058824
0.0,0.5,0.4,1.0,1.0,0.7294117647058824,0.7466666666666667,0.8235294117647058
1.0,0.5,0.8,1.0,1.0,0.411764705882353,0.19999999999999996,0.34117647058823525
0.0,0.75,0.8,1.0,1.0,0.7058823529411764,0.6666666666666666,0.7411764705882353
0.0,0.5,0.2,1.0,1.0,0.5764705882352941,0.7600000000000001,0.7647058823529411
1.0,0.5,0.2,1.0,1.0,0.7294117647058824,0.5333333333333333,0.6352941176470588
0.0,0.0,1.0,1.0,0.0,0.5764705882352941,0.7466666666666667,0.8470588235294116
1.0,0.25,1.0,1.0,1.0,0.6588235294117648,0.5066666666666667,0.4705882352941177
1.0,0.75,1.0,0.0,0.0,0.5058823529411764,0.42666666666666664,0.4470588235294118
0.0,0.75,0.4,0.0,1.0,0.37647058823529417,0.5466666666666666,0.6000000000000001
1.0,0.75,0.0,1.0,1.0,0.4941176470588235,0.5066666666666667,0.4588235294117647
1.0,0.5,0.8,1.0,0.0,0.7882352941176471,0.8533333333333334,0.8352941176470587
0.0,0.25,0.6000000000000001,1.0,1.0,0.4470588235294118,0.48,0.5176470588235293
0.0,0.5,0.0,0.0,0.0,0.8705882352941177,0.9733333333333333,0.9882352941176471
0.0,1.0,0.8,1.0,0.0,0.8705882352941177,0.92,0.9294117647058824
0.0,0.0,0.8,0.0,0.0,0.7058823529411764,0.9600000000000001,0.9058823529411764
1.0,0.75,0.8,0.0,1.0,0.5529411764705883,0.48,0.4941176470588235
0.0,0.25,0.4,1.0,1.0,0.5647058823529412,0.68,0.611764705882353
1.0,1.0,0.4,1.0,1.0,1.0,0.88,0.8235294117647058
0.0,0.25,0.0,1.0,1.0,0.5529411764705883,0.7466666666666667,0.7294117647058824
0.0,0.25,0.0,1.0,1.0,0.7058823529411764,0.9333333333333335,0.9294117647058824
1.0,0.5,0.8,1.0,1.0,0.4235294117647059,0.41333333333333333,0.4470588235294118
1.0,1.0,0.6000000000000001,0.0,1.0,0.6941176470588235,0.56,0.611764705882353
1.0,0.5,0.4,0.0,1.0,0.6000000000000001,0.5466666666666666,0.5058823529411764
1.0,0.5,1.0,1.0,0.0,0.4352941176470589,0.45333333333333337,0.5176470588235293
1.0,1.0,0.6000000000000001,0.0,1.0,0.6352941176470588,0.41333333333333333,0.4823529411764706
0.0,1.0,1.0,0.0,0.0,0.36470588235294116,0.42666666666666664,0.4941176470588235
0.0,1.0,0.8,1.0,1.0,0.6941176470588235,0.6933333333333335,0.6823529411764706
1.0,0.25,0.6000000000000001,1.0,1.0,1.0,0.8666666666666668,0.8588235294117645
1.0,0.0,1.0,1.0,1.0,0.8,0.6933333333333335,0.7294117647058824
1.0,0.75,0.0,0.0,0.0,0.7882352941176471,0.7066666666666667,0.8823529411764706
0.0,0.75,0.4,1.0,1.0,0.5058823529411764,0.5466666666666666,0.6470588235294117
1.0,0.0,1.0,0.0,0.0,0.5176470588235293,0.4,0.5058823529411764
0.0,0.75,0.4,1.0,1.0,0.7294117647058824,0.8666666666666668,0.7882352941176471
0.0,1.0,0.4,1.0,1.0,0.5411764705882354,0.48,0.4941176470588235
1.0,0.5,0.6000000000000001,1.0,1.0,0.8235294117647058,0.7466666666666667,0.7647058823529411
0.0,1.0,0.4,0.0,0.0,0.5176470588235293,0.5733333333333334,0.6235294117647059
0.0,0.5,0.6000000000000001,0.0,0.0,0.6588235294117648,0.8933333333333334,0.9176470588235293
0.0,1.0,1.0,1.0,1.0,0.4352941176470589,0.6133333333333334,0.6470588235294117
0.0,0.75,0.8,1.0,1.0,0.5529411764705883,0.4933333333333334,0.6235294117647059
1.0,0.25,0.0,1.0,1.0,0.37647058823529417,0.30666666666666664,0.39999999999999997
1.0,0.75,0.8,1.0,0.0,0.9529411764705882,0.8933333333333334,0.8588235294117645
0.0,1.0,1.0,1.0,1.0,0.38823529411764707,0.4666666666666667,0.4941176470588235
1.0,0.5,0.4,0.0,1.0,0.05882352941176472,0.0,0.0
0.0,0.5,1.0,1.0,1.0,0.6470588235294117,0.6666666666666666,0.7176470588235293
1.0,0.25,0.4,0.0,0.0,0.5176470588235293,0.4933333333333334,0.5058823529411764
0.0,1.0,0.0,0.0,1.0,0.7647058823529411,0.7333333333333333,0.8
0.0,0.25,0.8,1.0,1.0,0.8,0.84,0.8823529411764706
1.0,0.5,0.2,1.0,1.0,0.7058823529411764,0.6133333333333334,0.7176470588235293
1.0,0.75,0.8,0.0,0.0,0.6823529411764706,0.5733333333333334,0.6705882352941177
0.0,0.5,0.0,1.0,1.0,0.7411764705882353,0.7066666666666667,0.7882352941176471
1.0,0.25,0.2,1.0,0.0,0.9294117647058824,0.7600000000000001,0.9176470588235293
0.0,0.25,1.0,0.0,0.0,0.36470588235294116,0.5066666666666667,0.6000000000000001
1.0,0.75,0.8,0.0,0.0,0.7294117647058824,0.6933333333333335,0.7294117647058824
1.0,0.25,1.0,1.0,1.0,0.5647058823529412,0.41333333333333333,0.37647058823529417
1.0,0.25,0.2,1.0,0.0,0.5764705882352941,0.6,0.6705882352941177
0.0,0.75,1.0,0.0,1.0,0.5294117647058822,0.5866666666666667,0.6470588235294117
0.0,0.75,0.8,1.0,1.0,0.6941176470588235,0.7200000000000001,0.6823529411764706
0.0,0.25,0.4,0.0,1.0,0.611764705882353,0.6933333333333335,0.776470588235294
1.0,0.5,0.4,1.0,0.0,0.7411764705882353,0.7466666666666667,0.7647058823529411
1.0,0.5,0.4,1.0,0.0,0.8588235294117645,0.6666666666666666,0.6705882352941177
0.0,0.5,0.0,0.0,0.0,0.4352941176470589,0.52,0.6000000000000001
1.0,0.5,0.4,1.0,1.0,0.8588235294117645,0.5466666666666666,0.6823529411764706
1.0,0.0,0.4,1.0,0.0,0.7411764705882353,0.84,0.8235294117647058
0.0,0.5,0.4,1.0,1.0,0.4705882352941177,0.4933333333333334,0.5411764705882354
0.0,0.5,0.8,1.0,1.0,0.6588235294117648,0.5866666666666667,0.6823529411764706
1.0,0.5,0.4,0.0,1.0,0.7058823529411764,0.7200000000000001,0.6235294117647059
1.0,0.25,0.2,1.0,0.0,0.5529411764705883,0.4666666666666667,0.4705882352941177
0.0,0.25,0.2,1.0,0.0,0.6000000000000001,0.64,0.6705882352941177
1.0,0.75,0.2,1.0,1.0,0.2823529411764706,0.2666666666666667,0.24705882352941178
1.0,0.25,0.8,1.0,1.0,0.8235294117647058,0.7333333333333333,0.6823529411764706
0.0,0.25,0.4,0.0,1.0,0.36470588235294116,0.42666666666666664,0.4470588235294118
1.0,0.5,0.6000000000000001,0.0,0.0,0.4941176470588235,0.52,0.6000000000000001
0.0,0.25,0.0,1.0,0.0,0.588235294117647,0.7066666666666667,0.776470588235294
1.0,0.5,0.8,1.0,1.0,0.8352941176470587,0.7600000000000001,0.6705882352941177
1.0,0.5,1.0,1.0,1.0,0.5176470588235293,0.33333333333333337,0.3058823529411765
0.0,0.75,1.0,0.0,0.0,0.39999999999999997,0.5866666666666667,0.6235294117647059
1.0,0.25,0.8,0.0,1.0,0.4235294117647059,0.33333333333333337,0.34117647058823525
0.0,0.0,0.0,1.0,1.0,0.4470588235294118,0.42666666666666664,0.5294117647058822
0.0,0.5,0.8,1.0,1.0,0.7882352941176471,0.7866666666666667,0.8
0.0,0.5,0.4,0.0,1.0,0.4235294117647059,0.5733333333333334,0.6000000000000001
0.0,0.75,1.0,1.0,1.0,0.6941176470588235,0.7200000000000001,0.7529411764705882
0.0,0.75,0.6000000000000001,0.0,1.0,0.6823529411764706,0.6266666666666667,0.7058823529411764
0.0,0.75,0.4,0.0,1.0,0.31764705882352945,0.48,0.5647058823529412
0.0,0.5,0.8,0.0,0.0,0.3058823529411765,0.45333333333333337,0.4823529411764706
0.0,0.5,0.8,1.0,1.0,0.8117647058823529,0.84,0.8117647058823529
0.0,0.75,0.8,0.0,0.0,0.5764705882352941,0.5466666666666666,0.5529411764705883
0.0,1.0,0.4,0.0,1.0,0.6941176470588235,0.84,0.7058823529411764
1.0,0.5,0.0,1.0,1.0,0.8941176470588235,0.7866666666666667,0.7294117647058824
1.0,0.75,0.0,1.0,1.0,0.611764705882353,0.6266666666666667,0.588235294117647
0.0,0.25,0.4,1.0,1.0,0.4588235294117647,0.41333333333333333,0.5176470588235293
0.0,0.75,0.6000000000000001,1.0,1.0,0.34117647058823525,0.18666666666666665,0.25882352941176473
0.0,0.5,0.6000000000000001,1.0,0.0,0.588235294117647,0.7866666666666667,0.8352941176470587
1.0,0.0,0.0,1.0,1.0,0.25882352941176473,0.19999999999999996,0.24705882352941178
0.0,0.0,0.0,0.0,1.0,0.5058823529411764,0.6666666666666666,0.7411764705882353
0.0,0.5,0.2,0.0,1.0,0.6352941176470588,0.7066666666666667,0.7411764705882353
1.0,0.5,1.0,1.0,1.0,0.5764705882352941,0.41333333333333333,0.4235294117647059
0.0,0.5,0.4,1.0,1.0,0.6470588235294117,0.5066666666666667,0.5647058823529412
0.0,0.25,0.4,0.0,1.0,0.4705882352941177,0.5733333333333334,0.6000000000000001
0.0,0.25,0.8,1.0,0.0,0.35294117647058826,0.5066666666666667,0.611764705882353
1.0,1.0,0.8,1.0,0.0,0.7647058823529411,0.6,0.6588235294117648
1.0,0.0,0.8,1.0,1.0,0.7294117647058824,0.64,0.6352941176470588
1.0,0.25,0.2,0.0,1.0,0.4941176470588235,0.3866666666666667,0.34117647058823525
0.0,0.5,0.2,1.0,1.0,0.611764705882353,0.6266666666666667,0.6705882352941177
0.0,0.0,0.6000000000000001,1.0,1.0,0.6235294117647059,0.6,0.6705882352941177
1.0,0.5,0.4,1.0,1.0,0.39999999999999997,0.3733333333333333,0.32941176470588235
0.0,0.75,0.0,1.0,1.0,0.31764705882352945,0.30666666666666664,0.31764705882352945
0.0,1.0,0.0,1.0,1.0,0.9529411764705882,0.9066666666666666,1.0
0.0,0.5,0.2,0.0,1.0,0.4705882352941177,0.41333333333333333,0.4588235294117647
1.0,0.75,0.6000000000000001,1.0,1.0,0.6470588235294117,0.5333333333333333,0.4823529411764706
1.0,0.5,0.2,0.0,1.0,0.4235294117647059,0.3733333333333333,0.4235294117647059
0.0,0.25,0.8,0.0,0.0,0.1411764705882353,0.31999999999999995,0.411764705882353
1.0,0.75,0.4,1.0,1.0,0.5294117647058822,0.3866666666666667,0.37647058823529417
0.0,0.25,1.0,1.0,1.0,0.34117647058823525,0.41333333333333333,0.37647058823529417
0.0,0.5,0.4,1.0,0.0,0.5647058823529412,0.64,0.6941176470588235
0.0,0.5,0.0,1.0,1.0,0.6705882352941177,0.6933333333333335,0.7058823529411764
0.0,0.75,1.0,1.0,1.0,0.7882352941176471,0.6933333333333335,0.7647058823529411
0.0,0.25,0.2,1.0,0.0,0.7882352941176471,0.7999999999999999,0.9882352941176471
0.0,0.0,1.0,1.0,1.0,0.6470588235294117,0.7600000000000001,0.8
1.0,1.0,0.4,0.0,0.0,0.7176470588235293,0.48,0.5411764705882354
0.0,0.5,0.2,0.0,0.0,0.5529411764705883,0.5733333333333334,0.6941176470588235
0.0,0.25,0.4,0.0,1.0,0.5058823529411764,0.4933333333333334,0.4588235294117647
0.0,0.0,0.4,1.0,1.0,0.5411764705882354,0.64,0.6470588235294117
1.0,0.25,0.2,1.0,0.0,0.8588235294117645,0.7600000000000001,0.7882352941176471
0.0,0.5,0.8,1.0,1.0,0.5411764705882354,0.52,0.4588235294117647
1.0,0.75,0.4,1.0,0.0,0.8588235294117645,0.6933333333333335,0.7411764705882353
1.0,1.0,1.0,0.0,1.0,0.4941176470588235,0.2666666666666667,0.36470588235294116
0.0,0.75,0.4,1.0,0.0,0.9058823529411764,0.9333333333333335,0.9176470588235293
1.0,0.5,0.6000000000000001,1.0,1.0,0.7647058823529411,0.7200000000000001,0.6823529411764706
1.0,0.0,1.0,1.0,1.0,0.5529411764705883,0.3866666666666667,0.4352941176470589
0.0,0.75,0.8,1.0,1.0,0.6588235294117648,0.6533333333333333,0.7647058823529411
0.0,0.75,0.4,0.0,1.0,0.4588235294117647,0.44000000000000006,0.5647058823529412
1.0,0.0,0.8,0.0,1.0,0.32941176470588235,0.24,0.29411764705882354
0.0,0.5,0.8,1.0,1.0,0.4235294117647059,0.42666666666666664,0.5294117647058822
1.0,0.5,1.0,1.0,1.0,0.4941176470588235,0.28,0.34117647058823525
1.0,0.5,1.0,1.0,0.0,0.5529411764705883,0.6133333333333334,0.5529411764705883
0.0,0.25,1.0,1.0,1.0,0.38823529411764707,0.45333333333333337,0.4705882352941177
1.0,0.5,0.0,0.0,0.0,0.5411764705882354,0.5866666666666667,0.5529411764705883
0.0,0.75,1.0,1.0,0.0,0.9294117647058824,0.88,0.976470588235294
1.0,0.25,0.8,0.0,1.0,0.34117647058823525,0.2666666666666667,0.3058823529411765
0.0,0.5,0.0,1.0,1.0,0.4823529411764706,0.6133333333333334,0.6470588235294117
1.0,0.75,0.0,0.0,1.0,0.6235294117647059,0.5866666666666667,0.4705882352941177
1.0,0.75,0.8,0.0,1.0,0.5411764705882354,0.3733333333333333,0.38823529411764707
0.0,0.5,0.4,1.0,0.0,0.39999999999999997,0.5733333333333334,0.611764705882353
0.0,0.75,0.8,1.0,1.0,0.6588235294117648,0.6133333333333334,0.7176470588235293
0.0,1.0,1.0,1.0,1.0,0.7411764705882353,0.8133333333333334,0.7647058823529411
1.0,0.75,0.0,1.0,1.0,0.6941176470588235,0.6,0.5647058823529412
1.0,0.5,0.4,1.0,1.0,0.6000000000000001,0.5066666666666667,0.5647058823529412
1.0,0.5,1.0,0.0,1.0,0.5411764705882354,0.41333333333333333,0.4470588235294118
1.0,0.75,0.8,0.0,1.0,0.5176470588235293,0.2666666666666667,0.34117647058823525
0.0,0.25,0.4,0.0,1.0,0.39999999999999997,0.5333333333333333,0.5529411764705883
0.0,0.25,0.0,0.0,1.0,0.5411764705882354,0.5733333333333334,0.611764705882353
0.0,0.5,0.2,0.0,0.0,0.4588235294117647,0.42666666666666664,0.5647058823529412
0.0,0.25,0.4,0.0,0.0,0.35294117647058826,0.48,0.5647058823529412
0.0,0.75,0.2,0.0,0.0,0.776470588235294,0.9466666666666667,0.9882352941176471
0.0,0.25,0.0,1.0,1.0,0.6588235294117648,0.8266666666666668,0.8470588235294116
1.0,0.25,0.0,1.0,1.0,0.611764705882353,0.4666666666666667,0.5411764705882354
0.0,0.75,0.8,1.0,1.0,0.4823529411764706,0.3733333333333333,0.5058823529411764
0.0,0.25,0.4,0.0,0.0,0.5294117647058822,0.5466666666666666,0.5764705882352941
1.0,0.75,0.0,1.0,1.0,0.9411764705882353,0.8133333333333334,0.8
1.0,0.25,0.8,1.0,1.0,0.5294117647058822,0.45333333333333337,0.4470588235294118
1.0,0.25,0.8,1.0,1.0,0.5294117647058822,0.4,0.4352941176470589
1.0,0.25,0.2,1.0,1.0,0.7882352941176471,0.5733333333333334,0.6352941176470588
1.0,0.25,0.8,0.0,1.0,0.7411764705882353,0.5733333333333334,0.6470588235294117
0.0,0.5,0.0,1.0,1.0,0.4941176470588235,0.56,0.5764705882352941
1.0,0.0,0.8,1.0,1.0,0.6705882352941177,0.6933333333333335,0.611764705882353
0.0,0.25,1.0,1.0,1.0,0.25882352941176473,0.3466666666666667,0.32941176470588235
1.0,0.5,0.8,1.0,1.0,0.6705882352941177,0.68,0.5764705882352941
1.0,0.25,0.8,0.0,1.0,0.4352941176470589,0.42666666666666664,0.39999999999999997
1.0,0.0,0.4,1.0,0.0,0.7647058823529411,0.6266666666666667,0.6705882352941177
1.0,0.75,0.0,1.0,1.0,0.8705882352941177,0.7066666666666667,0.7176470588235293
0.0,0.5,0.8,1.0,0.0,0.8117647058823529,0.84,0.8470588235294116
0.0,0.25,1.0,1.0,1.0,0.611764705882353,0.64,0.7176470588235293
0.0,0.25,0.6000000000000001,1.0,0.0,0.5176470588235293,0.6666666666666666,0.7529411764705882
1.0,0.5,0.8,1.0,0.0,0.9411764705882353,0.7999999999999999,0.7647058823529411
0.0,0.25,0.6000000000000001,1.0,1.0,0.6588235294117648,0.5733333333333334,0.6235294117647059
0.0,0.5,0.4,1.0,1.0,0.6705882352941177,0.68,0.6941176470588235
1.0,1.0,0.4,1.0,0.0,0.8,0.7333333333333333,0.7882352941176471
1.0,1.0,1.0,1.0,1.0,0.9294117647058824,0.8133333333333334,0.7882352941176471
1.0,0.25,0.8,0.0,0.0,0.5058823529411764,0.42666666666666664,0.5058823529411764
1.0,0.5,0.2,1.0,0.0,0.7058823529411764,0.4933333333333334,0.588235294117647
0.0,0.25,1.0,0.0,1.0,0.588235294117647,0.7733333333333333,0.7294117647058824
0.0,0.5,0.2,0.0,0.0,0.6235294117647059,0.7066666666666667,0.8
0.0,0.5,1.0,0.0,1.0,0.22352941176470592,0.2533333333333333,0.32941176470588235
1.0,1.0,0.8,1.0,1.0,0.9647058823529411,0.9466666666666667,0.8705882352941177
0.0,0.75,0.4,1.0,1.0,0.34117647058823525,0.29333333333333333,0.4705882352941177
1.0,0.75,1.0,1.0,0.0,0.5294117647058822,0.42666666666666664,0.5294117647058822
0.0,0.5,0.4,0.0,0.0,0.6000000000000001,0.7466666666666667,0.7058823529411764
1.0,1.0,0.4,1.0,1.0,0.9529411764705882,0.92,0.9176470588235293
0.0,0.25,0.4,0.0,1.0,0.2823529411764706,0.4666666666666667,0.4352941176470589
1.0,0.5,0.8,0.0,1.0,0.4823529411764706,0.42666666666666664,0.5529411764705883
1.0,0.5,0.4,1.0,1.0,0.18823529411764706,0.026666666666666672,0.047058823529411764
0.0,0.5,0.2,1.0,0.0,0.6941176470588235,0.7200000000000001,0.8117647058823529
1.0,0.75,0.2,1.0,0.0,1.0,1.0,1.0
0.0,0.0,0.4,1.0,0.0,0.6235294117647059,0.6666666666666666,0.6823529411764706
0.0,0.5,0.0,0.0,0.0,0.7529411764705882,0.8533333333333334,0.9529411764705882
1.0,1.0,0.2,0.0,1.0,0.5529411764705883,0.5866666666666667,0.5294117647058822
0.0,0.0,0.0,1.0,1.0,0.6705882352941177,0.7999999999999999,0.776470588235294
0.0,0.5,0.8,1.0,1.0,0.6000000000000001,0.7066666666666667,0.7058823529411764
1.0,0.5,0.4,1.0,0.0,0.5764705882352941,0.5466666666666666,0.6352941176470588
0.0,0.5,1.0,1.0,1.0,0.5529411764705883,0.52,0.5764705882352941
0.0,1.0,0.2,0.0,0.0,0.6235294117647059,0.7600000000000001,0.8352941176470587
1.0,0.5,0.8,0.0,0.0,0.6470588235294117,0.6666666666666666,0.6941176470588235
0.0,1.0,0.2,0.0,1.0,0.5647058823529412,0.48,0.5764705882352941
0.0,0.75,0.4,1.0,0.0,0.8941176470588235,1.0,1.0
0.0,0.75,0.8,1.0,1.0,0.5058823529411764,0.4933333333333334,0.5647058823529412
1.0,1.0,0.8,1.0,1.0,0.7058823529411764,0.5466666666666666,0.5176470588235293
0.0,0.5,0.0,0.0,1.0,0.34117647058823525,0.4,0.5411764705882354
0.0,0.5,0.8,0.0,1.0,0.6235294117647059,0.52,0.5764705882352941
1.0,0.5,0.2,0.0,1.0,0.588235294117647,0.48,0.4941176470588235
0.0,0.75,0.8,0.0,0.0,0.6000000000000001,0.6133333333333334,0.8470588235294116
1.0,0.5,0.2,0.0,1.0,0.6823529411764706,0.5866666666666667,0.6470588235294117
0.0,0.25,0.0,0.0,1.0,0.611764705882353,0.68,0.7176470588235293
0.0,0.5,0.0,0.0,1.0,0.6000000000000001,0.64,0.6352941176470588
1.0,1.0,0.8,1.0,1.0,0.776470588235294,0.7066666666666667,0.6235294117647059
1.0,1.0,1.0,1.0,1.0,0.7294117647058824,0.4933333333333334,0.4941176470588235
0.0,0.75,0.8,0.0,1.0,0.32941176470588235,0.30666666666666664,0.4470588235294118
0.0,0.5,0.2,1.0,1.0,0.5058823529411764,0.6,0.6705882352941177
1.0,0.5,0.8,0.0,1.0,0.588235294117647,0.6933333333333335,0.6470588235294117
1.0,0.5,0.4,1.0,1.0,0.9058823529411764,0.8533333333333334,0.8
1.0,0.75,1.0,1.0,0.0,0.4823529411764706,0.30666666666666664,0.4588235294117647
0.0,0.75,0.6000000000000001,1.0,1.0,0.588235294117647,0.64,0.7294117647058824
1.0,0.75,0.0,1.0,1.0,0.6705882352941177,0.56,0.5176470588235293
1.0,0.75,1.0,1.0,0.0,1.0,0.7866666666666667,0.8470588235294116
0.0,0.5,0.4,1.0,1.0,0.6352941176470588,0.7466666666666667,0.6470588235294117
1.0,0.75,0.8,1.0,0.0,0.6470588235294117,0.5466666666666666,0.6235294117647059
1.0,1.0,0.4,1.0,1.0,0.8823529411764706,0.7333333333333333,0.7411764705882353
1.0,0.5,0.4,1.0,1.0,0.8823529411764706,0.7200000000000001,0.7058823529411764
0.0,0.75,0.4,1.0,0.0,0.5647058823529412,0.7066666666666667,0.6941176470588235
0.0,0.75,0.0,1.0,1.0,0.29411764705882354,0.3466666666666667,0.4235294117647059
0.0,0.0,0.4,1.0,1.0,0.5764705882352941,0.6266666666666667,0.6000000000000001
1.0,0.5,0.8,1.0,1.0,0.8823529411764706,0.68,0.6588235294117648
1.0,0.5,0.8,1.0,1.0,0.7176470588235293,0.6533333333333333,0.6823529411764706
1.0,0.25,0.8,0.0,1.0,0.31764705882352945,0.30666666666666664,0.21176470588235297
0.0,0.75,0.2,0.0,0.0,0.35294117647058826,0.5733333333333334,0.6588235294117648
1.0,0.75,0.2,1.0,1.0,0.7176470588235293,0.5333333333333333,0.6470588235294117
1.0,0.5,1.0,1.0,0.0,0.5647058823529412,0.5866666666666667,0.6235294117647059
1.0,1.0,0.8,1.0,0.0,0.8117647058823529,0.6933333333333335,0.7529411764705882
0.0,0.0,0.2,0.0,1.0,0.5529411764705883,0.6666666666666666,0.6823529411764706
0.0,0.5,0.0,0.0,0.0,0.6352941176470588,0.68,0.7882352941176471
1.0,0.5,1.0,1.0,1.0,0.7294117647058824,0.7200000000000001,0.7176470588235293
1.0,0.75,0.2,1.0,1.0,0.5647058823529412,0.5333333333333333,0.5058823529411764
1.0,0.5,0.4,1.0,0.0,0.6705882352941177,0.56,0.611764705882353
1.0,1.0,0.0,1.0,1.0,0.7058823529411764,0.5733333333333334,0.6235294117647059
0.0,0.5,0.2,1.0,1.0,0.5411764705882354,0.5466666666666666,0.6588235294117648
0.0,0.0,0.4,1.0,1.0,0.7529411764705882,0.9600000000000001,0.8235294117647058
0.0,0.75,0.4,1.0,1.0,0.4470588235294118,0.5466666666666666,0.5764705882352941
1.0,0.25,0.8,1.0,0.0,0.7294117647058824,0.5733333333333334,0.6000000000000001
1.0,0.0,0.4,0.0,1.0,0.34117647058823525,0.31999999999999995,0.32941176470588235
1.0,0.25,0.4,1.0,1.0,0.34117647058823525,0.33333333333333337,0.25882352941176473
0.0,0.5,0.0,1.0,0.0,0.6588235294117648,0.7866666666666667,0.8588235294117645
0.0,0.25,0.0,1.0,0.0,0.5294117647058822,0.5333333333333333,0.611764705882353
1.0,0.25,1.0,1.0,1.0,0.39999999999999997,0.18666666666666665,0.21176470588235297
0.0,0.0,0.4,1.0,0.0,0.7882352941176471,0.9333333333333335,0.9176470588235293
1.0,1.0,0.6000000000000001,0.0,1.0,0.6235294117647059,0.6,0.5529411764705883
0.0,0.75,1.0,0.0,1.0,0.5058823529411764,0.5066666666666667,0.588235294117647
0.0,0.25,0.4,1.0,1.0,0.588235294117647,0.5733333333333334,0.611764705882353
1.0,0.5,0.0,1.0,1.0,0.411764705882353,0.22666666666666668,0.23529411764705882
0.0,0.75,0.0,0.0,0.0,0.6823529411764706,0.6266666666666667,0.7529411764705882
1.0,0.75,1.0,0.0,0.0,0.29411764705882354,0.33333333333333337,0.37647058823529417
0.0,0.5,1.0,0.0,0.0,0.5294117647058822,0.56,0.6941176470588235
1.0,0.5,0.0,0.0,1.0,0.4941176470588235,0.44000000000000006,0.4235294117647059
1.0,0.5,0.8,0.0,1.0,0.4941176470588235,0.4666666666666667,0.4941176470588235
0.0,0.25,1.0,1.0,1.0,0.8,0.8133333333333334,0.8705882352941177
1.0,0.5,0.6000000000000001,1.0,1.0,0.6235294117647059,0.41333333333333333,0.4941176470588235
1.0,0.75,0.2,1.0,1.0,0.6941176470588235,0.68,0.6823529411764706
1.0,0.25,0.6000000000000001,0.0,1.0,0.7176470588235293,0.5733333333333334,0.6470588235294117
0.0,0.5,1.0,0.0,1.0,0.27058823529411763,0.2666666666666667,0.34117647058823525
0.0,0.5,0.4,1.0,1.0,0.5647058823529412,0.52,0.5176470588235293
1.0,1.0,0.2,0.0,1.0,0.8470588235294116,0.7200000000000001,0.6705882352941177
1.0,1.0,0.4,0.0,1.0,0.776470588235294,0.7866666666666667,0.7411764705882353
0.0,0.75,0.0,1.0,1.0,0.8117647058823529,0.8666666666666668,0.8823529411764706
0.0,1.0,0.4,0.0,0.0,0.6235294117647059,0.5866666666666667,0.6588235294117648
0.0,0.0,1.0,0.0,1.0,0.4941176470588235,0.6,0.6588235294117648
0.0,0.5,0.6000000000000001,1.0,1.0,0.7058823529411764,0.7600000000000001,0.776470588235294
0.0,0.5,0.4,0.0,1.0,0.2823529411764706,0.33333333333333337,0.3058823529411765
0.0,0.75,1.0,1.0,0.0,0.4588235294117647,0.6933333333333335,0.7411764705882353
1.0,0.75,0.0,1.0,1.0,0.6588235294117648,0.64,0.6352941176470588
1.0,0.0,0.8,1.0,1.0,0.5058823529411764,0.52,0.4705882352941177
0.0,0.75,0.0,1.0,1.0,0.5411764705882354,0.6,0.6823529411764706
0.0,0.75,0.0,1.0,0.0,0.7882352941176471,0.7999999999999999,0.9294117647058824
0.0,0.75,0.0,1.0,0.0,0.6823529411764706,0.8266666666666668,0.8
0.0,0.75,1.0,1.0,1.0,0.4352941176470589,0.5466666666666666,0.5647058823529412
1.0,0.25,1.0,0.0,1.0,0.21176470588235297,0.29333333333333333,0.2
1.0,0.75,0.0,1.0,0.0,0.611764705882353,0.5733333333333334,0.6352941176470588
0.0,0.25,1.0,0.0,1.0,0.5411764705882354,0.7333333333333333,0.7882352941176471
0.0,1.0,0.0,1.0,0.0,0.8352941176470587,0.8533333333333334,0.9529411764705882
1.0,0.75,0.2,1.0,0.0,0.976470588235294,0.9466666666666667,1.0
1.0,0.5,0.8,1.0,0.0,0.6705882352941177,0.41333333333333333,0.5647058823529412
1.0,0.25,0.0,0.0,1.0,0.5294117647058822,0.45333333333333337,0.4352941176470589
1.0,0.5,0.8,1.0,1.0,0.6000000000000001,0.5733333333333334,0.5529411764705883
1.0,0.5,1.0,1.0,0.0,0.8352941176470587,0.8533333333333334,0.8470588235294116
0.0,0.25,0.4,1.0,1.0,0.35294117647058826,0.36,0.4235294117647059
0.0,0.5,1.0,1.0,1.0,0.7058823529411764,0.8133333333333334,0.8117647058823529
0.0,0.0,0.0,1.0,1.0,0.4235294117647059,0.5866666666666667,0.588235294117647
0.0,0.5,0.4,1.0,1.0,0.07058823529411767,0.06666666666666665,0.1294117647058824
1.0,0.75,0.4,0.0,1.0,0.4588235294117647,0.3733333333333333,0.37647058823529417
1.0,0.75,0.4,1.0,1.0,0.8,0.7066666666666667,0.6941176470588235
1.0,0.25,0.0,0.0,1.0,0.6941176470588235,0.7200000000000001,0.588235294117647
1.0,0.5,0.2,1.0,1.0,0.6823529411764706,0.56,0.6823529411764706
1.0,0.75,1.0,0.0,0.0,0.6352941176470588,0.6,0.7058823529411764
0.0,0.5,0.8,1.0,1.0,0.776470588235294,0.9066666666666666,0.9294117647058824
1.0,1.0,0.2,1.0,0.0,0.9411764705882353,0.8666666666666668,0.8705882352941177
1.0,1.0,0.8,1.0,0.0,0.9647058823529411,0.84,0.776470588235294
0.0,0.5,0.6000000000000001,1.0,0.0,0.5529411764705883,0.5733333333333334,0.7058823529411764
1.0,0.5,1.0,1.0,1.0,0.5647058823529412,0.42666666666666664,0.5176470588235293
0.0,0.75,0.4,1.0,0.0,0.411764705882353,0.6266666666666667,0.6470588235294117
0.0,0.75,1.0,1.0,1.0,0.11764705882352944,0.10666666666666663,0.2
1.0,0.75,1.0,1.0,1.0,0.6823529411764706,0.56,0.5764705882352941
1.0,0.75,0.0,0.0,0.0,0.4941176470588235,0.44000000000000006,0.4588235294117647
1.0,0.5,0.4,1.0,1.0,0.5764705882352941,0.4933333333333334,0.5411764705882354
0.0,1.0,0.4,1.0,1.0,0.8352941176470587,0.8533333333333334,0.8470588235294116
0.0,0.75,0.0,0.0,1.0,0.5529411764705883,0.5333333333333333,0.6352941176470588
1.0,0.75,0.0,1.0,1.0,0.9647058823529411,0.92,0.8941176470588235
0.0,0.0,0.8,1.0,1.0,0.5529411764705883,0.52,0.5647058823529412
0.0,1.0,1.0,1.0,1.0,0.8941176470588235,0.9600000000000001,0.8941176470588235
1.0,0.5,0.0,0.0,0.0,0.5294117647058822,0.42666666666666664,0.5411764705882354
1.0,1.0,0.4,0.0,1.0,0.5176470588235293,0.4,0.36470588235294116
0.0,0.75,0.0,1.0,1.0,0.7058823529411764,0.8266666666666668,0.8823529411764706
0.0,0.5,0.6000000000000001,1.0,0.0,0.7529411764705882,0.8266666666666668,0.8705882352941177
0.0,0.5,0.0,0.0,0.0,0.7529411764705882,0.8933333333333334,0.9647058823529411
0.0,0.0,0.4,0.0,1.0,0.22352941176470592,0.31999999999999995,0.37647058823529417
1.0,0.75,1.0,0.0,1.0,0.39999999999999997,0.31999999999999995,0.32941176470588235
0.0,0.25,0.8,1.0,0.0,0.37647058823529417,0.44000000000000006,0.4823529411764706
1.0,1.0,0.0,1.0,1.0,0.7411764705882353,0.64,0.588235294117647
1.0,0.75,1.0,0.0,0.0,0.36470588235294116,0.3733333333333333,0.4588235294117647
1.0,0.5,0.0,0.0,1.0,0.6705882352941177,0.7333333333333333,0.7058823529411764
0.0,0.75,0.0,0.0,1.0,0.35294117647058826,0.48,0.4941176470588235
0.0,0.5,0.0,0.0,1.0,0.15294117647058825,0.09333333333333332,0.15294117647058825
0.0,0.75,1.0,1.0,1.0,0.8,0.8933333333333334,0.9176470588235293
0.0,1.0,0.8,1.0,0.0,0.8352941176470587,0.8533333333333334,0.8705882352941177
0.0,0.75,1.0,0.0,0.0,0.5764705882352941,0.6666666666666666,0.776470588235294
1.0,0.25,0.4,0.0,1.0,0.588235294117647,0.4,0.4235294117647059
0.0,0.25,0.8,0.0,0.0,0.6352941176470588,0.7999999999999999,0.8117647058823529
0.0,0.25,0.4,1.0,0.0,0.6000000000000001,0.4933333333333334,0.6000000000000001
0.0,1.0,0.8,0.0,1.0,0.3058823529411765,0.4666666666666667,0.4705882352941177
1.0,0.75,0.6000000000000001,0.0,0.0,0.611764705882353,0.6133333333333334,0.6470588235294117
1.0,0.5,0.2,0.0,0.0,0.4941176470588235,0.5333333333333333,0.4823529411764706
0.0,0.5,0.0,0.0,0.0,0.31764705882352945,0.33333333333333337,0.5411764705882354
0.0,0.75,0.4,0.0,1.0,0.7058823529411764,0.7466666666666667,0.8470588235294116
0.0,0.5,0.0,1.0,0.0,0.7294117647058824,0.8666666666666668,0.9647058823529411
1.0,0.25,0.6000000000000001,0.0,1.0,0.588235294117647,0.5333333333333333,0.5529411764705883
0.0,1.0,1.0,1.0,0.0,0.8470588235294116,0.8666666666666668,0.8823529411764706
0.0,0.75,0.4,0.0,0.0,0.6705882352941177,0.68,0.7411764705882353
0.0,1.0,0.4,1.0,1.0,0.6588235294117648,0.7733333333333333,0.7529411764705882
0.0,0.5,0.8,0.0,0.0,0.5294117647058822,0.7333333333333333,0.7176470588235293
0.0,0.75,0.4,0.0,0.0,0.611764705882353,0.6666666666666666,0.8117647058823529
0.0,0.5,0.4,1.0,1.0,0.4588235294117647,0.64,0.5764705882352941
1.0,0.25,0.2,0.0,0.0,0.38823529411764707,0.45333333333333337,0.4705882352941177
1.0,0.5,0.4,1.0,0.0,0.611764705882353,0.5066666666666667,0.611764705882353
1.0,0.25,1.0,0.0,0.0,0.5058823529411764,0.41333333333333333,0.4470588235294118
0.0,0.5,0.4,1.0,0.0,0.7647058823529411,0.7733333333333333,0.8352941176470587
0.0,0.25,0.8,1.0,1.0,0.8117647058823529,1.0,0.9529411764705882
1.0,0.5,0.8,1.0,0.0,0.38823529411764707,0.17333333333333334,0.36470588235294116
0.0,0.25,0.8,0.0,0.0,0.4705882352941177,0.56,0.6235294117647059
0.0,0.5,1.0,1.0,0.0,0.6352941176470588,0.7866666666666667,0.776470588235294
1.0,0.5,0.4,1.0,1.0,0.6941176470588235,0.6266666666666667,0.5529411764705883
0.0,0.75,1.0,1.0,1.0,0.5529411764705883,0.5733333333333334,0.588235294117647
1.0,0.75,0.4,1.0,0.0,0.7176470588235293,0.6666666666666666,0.7294117647058824
1.0,0.25,0.2,1.0,1.0,0.8117647058823529,0.7466666666666667,0.6705882352941177
1.0,1.0,0.4,1.0,1.0,0.9176470588235293,0.8133333333333334,0.7176470588235293
1.0,1.0,0.0,1.0,1.0,0.4823529411764706,0.2533333333333333,0.34117647058823525
0.0,0.25,1.0,1.0,1.0,0.4352941176470589,0.5333333333333333,0.5294117647058822
0.0,0.5,0.8,1.0,0.0,0.776470588235294,0.8666666666666668,0.9176470588235293
1.0,1.0,0.4,1.0,0.0,0.8117647058823529,0.7200000000000001,0.7058823529411764
1.0,0.75,1.0,1.0,1.0,0.4705882352941177,0.33333333333333337,0.37647058823529417
1.0,0.5,0.4,0.0,0.0,0.4588235294117647,0.3733333333333333,0.4235294117647059
1.0,0.25,1.0,0.0,1.0,0.36470588235294116,0.21333333333333337,0.29411764705882354
1.0,0.75,0.4,0.0,1.0,0.38823529411764707,0.28,0.411764705882353
1.0,0.5,1.0,1.0,1.0,0.7529411764705882,0.5333333333333333,0.611764705882353
0.0,1.0,0.4,0.0,0.0,0.6000000000000001,0.5466666666666666,0.7058823529411764
1.0,0.0,0.0,0.0,0.0,0.4823529411764706,0.4666666666666667,0.5647058823529412
0.0,1.0,0.0,0.0,1.0,0.5294117647058822,0.6533333333333333,0.6235294117647059
0.0,0.25,0.0,1.0,1.0,0.7058823529411764,0.88,0.776470588235294
1.0,0.0,1.0,1.0,0.0,0.7529411764705882,0.5333333333333333,0.588235294117647
1.0,0.5,0.4,0.0,0.0,0.3058823529411765,0.42666666666666664,0.4705882352941177
0.0,0.5,0.0,0.0,1.0,0.23529411764705882,0.19999999999999996,0.35294117647058826
0.0,0.0,0.8,0.0,1.0,0.4588235294117647,0.41333333333333333,0.5058823529411764
1.0,0.5,1.0,1.0,1.0,0.611764705882353,0.5333333333333333,0.5529411764705883
0.0,0.75,0.4,1.0,0.0,0.8235294117647058,0.9733333333333333,0.9882352941176471
0.0,1.0,0.0,1.0,1.0,0.9058823529411764,1.0,0.9882352941176471
1.0,0.75,0.0,1.0,0.0,0.9882352941176471,1.0,1.0
0.0,0.5,1.0,0.0,0.0,0.4352941176470589,0.45333333333333337,0.5058823529411764
1.0,0.5,0.0,0.0,1.0,0.6823529411764706,0.5466666666666666,0.6235294117647059
0.0,0.75,1.0,0.0,0.0,0.5529411764705883,0.6666666666666666,0.7529411764705882
1.0,1.0,1.0,1.0,1.0,0.7058823529411764,0.6133333333333334,0.6235294117647059
0.0,0.25,0.0,1.0,1.0,0.8823529411764706,0.92,0.9176470588235293
1.0,0.75,0.4,0.0,1.0,0.4588235294117647,0.31999999999999995,0.38823529411764707
1.0,0.75,0.0,1.0,1.0,0.776470588235294,0.6533333333333333,0.6941176470588235
1.0,0.5,1.0,0.0,1.0,0.6941176470588235,0.5466666666666666,0.5764705882352941
1.0,0.25,0.0,0.0,0.0,0.6235294117647059,0.64,0.6705882352941177
1.0,0.75,0.8,1.0,1.0,0.6941176470588235,0.6533333333333333,0.6470588235294117
1.0,0.5,0.4,0.0,1.0,0.4235294117647059,0.42666666666666664,0.34117647058823525
0.0,0.5,1.0,1.0,1.0,0.6235294117647059,0.6933333333333335,0.7058823529411764
1.0,0.25,0.8,1.0,1.0,0.6352941176470588,0.45333333333333337,0.4941176470588235
1.0,1.0,0.8,1.0,0.0,1.0,0.8533333333333334,0.8352941176470587
0.0,0.5,0.8,1.0,1.0,0.4470588235294118,0.45333333333333337,0.5176470588235293
1.0,0.5,0.2,0.0,0.0,0.6705882352941177,0.6,0.6470588235294117
1.0,0.25,0.2,0.0,1.0,0.411764705882353,0.19999999999999996,0.27058823529411763
0.0,0.0,0.4,1.0,1.0,0.5411764705882354,0.5866666666666667,0.6352941176470588
1.0,0.5,0.4,1.0,1.0,0.588235294117647,0.5866666666666667,0.4823529411764706
0.0,0.75,0.4,0.0,1.0,0.0,0.18666666666666665,0.29411764705882354
1.0,0.5,1.0,0.0,1.0,0.5764705882352941,0.41333333333333333,0.4352941176470589
1.0,0.5,0.4,1.0,1.0,0.7294117647058824,0.6,0.5294117647058822
0.0,0.75,0.8,1.0,0.0,0.5411764705882354,0.5066666666666667,0.6470588235294117
0.0,0.25,0.4,0.0,0.0,0.39999999999999997,0.5466666666666666,0.5294117647058822
1.0,0.5,0.2,1.0,1.0,0.6470588235294117,0.31999999999999995,0.4470588235294118
1.0,0.0,0.0,1.0,1.0,0.5294117647058822,0.41333333333333333,0.4941176470588235
0.0,0.75,0.8,1.0,1.0,0.8117647058823529,0.9600000000000001,0.9529411764705882
1.0,0.75,0.4,0.0,1.0,0.4235294117647059,0.41333333333333333,0.411764705882353
1.0,0.5,0.2,1.0,1.0,0.6941176470588235,0.48,0.6235294117647059
0.0,0.25,0.2,1.0,0.0,0.5764705882352941,0.6933333333333335,0.7529411764705882
0.0,0.5,0.8,1.0,0.0,0.611764705882353,0.6533333333333333,0.776470588235294
1.0,0.5,0.0,1.0,1.0,0.7176470588235293,0.48,0.5529411764705883
1.0,0.75,1.0,1.0,0.0,0.6470588235294117,0.5466666666666666,0.6705882352941177
0.0,0.5,0.8,1.0,1.0,0.8235294117647058,0.8933333333333334,0.8117647058823529
0.0,0.75,1.0,1.0,1.0,0.4470588235294118,0.4,0.4941176470588235
1.0,0.5,0.4,1.0,1.0,0.8117647058823529,0.6133333333333334,0.6000000000000001
1.0,0.25,1.0,1.0,1.0,0.4705882352941177,0.31999999999999995,0.34117647058823525
0.0,0.5,0.4,1.0,1.0,0.411764705882353,0.4933333333333334,0.5647058823529412
1.0,0.5,1.0,0.0,1.0,0.7529411764705882,0.6933333333333335,0.6588235294117648
1.0,0.5,0.0,1.0,1.0,0.776470588235294,0.6933333333333335,0.6588235294117648
1.0,0.75,0.0,1.0,0.0,0.8705882352941177,0.6666666666666666,0.7647058823529411
1.0,0.5,0.0,0.0,0.0,0.5176470588235293,0.5733333333333334,0.6000000000000001
1.0,0.75,0.8,1.0,0.0,0.7882352941176471,0.7200000000000001,0.776470588235294
1.0,0.75,0.0,1.0,1.0,0.8352941176470587,0.7866666666666667,0.7882352941176471
0.0,0.75,0.8,0.0,1.0,0.3058823529411765,0.44000000000000006,0.5294117647058822
0.0,0.75,0.6000000000000001,1.0,0.0,0.5764705882352941,0.56,0.6705882352941177
1.0,0.0,0.0,0.0,0.0,0.6235294117647059,0.6133333333333334,0.5764705882352941
1.0,1.0,0.4,0.0,0.0,0.6941176470588235,0.56,0.5411764705882354
0.0,0.5,0.8,0.0,0.0,0.34117647058823525,0.2533333333333333,0.4470588235294118
0.0,0.5,0.4,0.0,0.0,0.22352941176470592,0.5466666666666666,0.5176470588235293
1.0,0.25,1.0,1.0,0.0,0.35294117647058826,0.33333333333333337,0.38823529411764707
0.0,0.5,0.6000000000000001,1.0,0.0,0.8,0.8133333333333334,0.8823529411764706
1.0,0.5,0.8,1.0,1.0,0.4705882352941177,0.5333333333333333,0.4941176470588235
1.0,1.0,0.4,0.0,1.0,0.5411764705882354,0.41333333333333333,0.4352941176470589
0.0,0.25,0.4,1.0,0.0,0.776470588235294,0.8533333333333334,0.8588235294117645
1.0,0.25,0.0,0.0,1.0,0.35294117647058826,0.36,0.35294117647058826
1.0,0.25,0.4,1.0,1.0,0.6588235294117648,0.5066666666666667,0.5411764705882354
1.0,0.5,0.2,1.0,0.0,0.5529411764705883,0.56,0.6235294117647059
0.0,1.0,0.8,1.0,0.0,0.7411764705882353,0.7733333333333333,0.7176470588235293
1.0,0.75,0.8,1.0,1.0,0.7176470588235293,0.6533333333333333,0.6588235294117648
0.0,0.0,0.0,1.0,0.0,0.6823529411764706,0.5733333333333334,0.776470588235294
0.0,0.5,0.0,1.0,1.0,0.7882352941176471,0.88,0.8235294117647058
1.0,0.75,0.8,1.0,0.0,0.6352941176470588,0.44000000000000006,0.5294117647058822
1.0,0.75,0.2,0.0,1.0,0.6705882352941177,0.6133333333333334,0.588235294117647
0.0,0.25,0.4,1.0,0.0,0.6705882352941177,0.64,0.6705882352941177
1.0,0.25,0.0,0.0,1.0,0.4941176470588235,0.45333333333333337,0.5529411764705883
1.0,0.0,0.4,1.0,0.0,0.8,0.6133333333333334,0.6352941176470588
1.0,0.5,1.0,1.0,1.0,0.6235294117647059,0.68,0.6705882352941177
0.0,0.5,1.0,0.0,0.0,0.5529411764705883,0.6533333333333333,0.6588235294117648
1.0,0.75,0.0,1.0,1.0,0.9882352941176471,0.9600000000000001,0.9411764705882353
1.0,0.25,0.4,1.0,0.0,0.8588235294117645,0.8266666666666668,0.8235294117647058
0.0,0.5,0.4,1.0,1.0,0.4823529411764706,0.5733333333333334,0.6000000000000001
0.0,0.25,0.0,1.0,1.0,0.6235294117647059,0.6,0.7176470588235293
1.0,0.5,0.4,1.0,0.0,0.7058823529411764,0.5866666666666667,0.611764705882353
0.0,0.5,0.8,1.0,1.0,0.35294117647058826,0.28,0.37647058823529417
1.0,0.5,0.4,0.0,1.0,0.6705882352941177,0.5733333333333334,0.5529411764705883
1.0,1.0,0.8,1.0,0.0,0.9882352941176471,0.9733333333333333,0.9176470588235293
1.0,0.5,0.8,0.0,1.0,0.7176470588235293,0.6266666666666667,0.588235294117647
0.0,0.25,1.0,0.0,0.0,0.5764705882352941,0.6266666666666667,0.7529411764705882
0.0,0.25,0.8,1.0,1.0,0.4823529411764706,0.48,0.588235294117647
0.0,1.0,0.8,0.0,1.0,0.6941176470588235,0.7066666666666667,0.776470588235294
1.0,0.75,0.2,1.0,0.0,0.9647058823529411,0.88,0.9529411764705882
0.0,0.25,0.8,1.0,1.0,0.8,0.8533333333333334,0.8588235294117645
0.0,0.25,0.2,1.0,0.0,0.4705882352941177,0.52,0.5647058823529412
0.0,0.25,0.8,1.0,0.0,0.7294117647058824,0.8666666666666668,0.9176470588235293
0.0,0.75,0.2,1.0,1.0,0.7411764705882353,0.7333333333333333,0.7529411764705882
0.0,1.0,1.0,1.0,0.0,0.8705882352941177,0.9333333333333335,0.9882352941176471
1.0,0.0,0.4,1.0,1.0,0.7411764705882353,0.6266666666666667,0.6000000000000001
1.0,0.5,0.8,0.0,1.0,0.21176470588235297,0.22666666666666668,0.3058823529411765
0.0,0.75,0.0,1.0,1.0,0.6000000000000001,0.6266666666666667,0.6941176470588235
1.0,1.0,0.8,1.0,0.0,0.8470588235294116,0.8266666666666668,0.7529411764705882
0.0,0.25,0.8,1.0,1.0,0.411764705882353,0.30666666666666664,0.4352941176470589
0.0,0.0,0.4,1.0,1.0,0.7529411764705882,0.8133333333333334,0.8117647058823529
1.0,0.25,0.2,0.0,1.0,0.6470588235294117,0.6,0.6000000000000001
0.0,0.25,0.8,0.0,0.0,0.37647058823529417,0.48,0.5764705882352941
0.0,0.5,0.4,1.0,1.0,0.7647058823529411,0.7866666666666667,0.776470588235294
1.0,1.0,0.8,1.0,0.0,0.8941176470588235,0.68,0.7411764705882353
0.0,0.75,0.4,0.0,0.0,0.7411764705882353,0.8133333333333334,0.8588235294117645
1.0,0.75,0.8,0.0,0.0,0.4823529411764706,0.48,0.5529411764705883
1.0,0.5,1.0,1.0,1.0,0.4588235294117647,0.41333333333333333,0.37647058823529417
1.0,0.0,0.0,1.0,0.0,0.7529411764705882,0.5333333333333333,0.6352941176470588
1.0,1.0,0.0,1.0,0.0,0.9176470588235293,0.8266666666666668,0.8117647058823529
1.0,0.75,1.0,1.0,0.0,0.6941176470588235,0.7066666666666667,0.7411764705882353
0.0,1.0,0.0,0.0,1.0,0.8,0.8666666666666668,0.9411764705882353
1.0,0.5,0.4,1.0,1.0,0.8823529411764706,0.7066666666666667,0.7411764705882353
0.0,0.5,0.8,0.0,0.0,0.5529411764705883,0.7066666666666667,0.6588235294117648
0.0,0.75,0.2,1.0,1.0,0.5058823529411764,0.48,0.5176470588235293
1.0,1.0,0.8,0.0,1.0,0.6823529411764706,0.64,0.5647058823529412
1.0,0.5,1.0,1.0,1.0,0.5647058823529412,0.45333333333333337,0.4235294117647059
1.0,0.75,0.0,1.0,0.0,0.8705882352941177,0.7733333333333333,0.776470588235294
1.0,0.75,0.8,1.0,1.0,0.7058823529411764,0.5466666666666666,0.6705882352941177
1.0,0.5,0.8,0.0,1.0,0.4235294117647059,0.3866666666666667,0.4235294117647059
0.0,0.5,1.0,0.0,0.0,0.5058823529411764,0.7333333333333333,0.7176470588235293
0.0,0.5,0.2,1.0,0.0,0.9058823529411764,0.84,0.9294117647058824
0.0,0.75,0.0,0.0,1.0,0.2823529411764706,0.5333333333333333,0.5764705882352941
0.0,0.25,0.0,1.0,1.0,0.8117647058823529,0.8666666666666668,0.8705882352941177
1.0,0.5,0.8,1.0,0.0,0.6588235294117648,0.5466666666666666,0.6470588235294117
0.0,1.0,0.4,1.0,1.0,0.8235294117647058,0.8133333333333334,0.8588235294117645
0.0,0.25,0.4,0.0,1.0,0.5176470588235293,0.6533333333333333,0.6235294117647059
1.0,0.75,0.2,1.0,1.0,0.6588235294117648,0.56,0.5764705882352941
1.0,1.0,1.0,1.0,1.0,0.6941176470588235,0.4666666666666667,0.5176470588235293
1.0,0.75,0.8,0.0,1.0,0.5529411764705883,0.44000000000000006,0.4823529411764706
0.0,1.0,0.0,0.0,0.0,0.8,0.8133333333333334,0.8941176470588235
1.0,0.75,0.8,1.0,1.0,0.6941176470588235,0.5066666666666667,0.588235294117647
1.0,0.25,1.0,0.0,0.0,0.5764705882352941,0.4933333333333334,0.4705882352941177
1.0,0.5,0.8,1.0,1.0,0.7529411764705882,0.68,0.6352941176470588
0.0,0.5,0.4,0.0,1.0,0.10588235294117648,0.30666666666666664,0.36470588235294116
1.0,1.0,0.0,0.0,0.0,0.6000000000000001,0.4666666666666667,0.5764705882352941
0.0,0.75,1.0,1.0,0.0,0.6352941176470588,0.8133333333333334,0.8470588235294116
1.0,0.5,1.0,1.0,1.0,0.588235294117647,0.44000000000000006,0.4941176470588235
1.0,1.0,1.0,1.0,1.0,0.6000000000000001,0.5066666666666667,0.5294117647058822
0.0,1.0,0.4,1.0,1.0,0.4588235294117647,0.41333333333333333,0.4823529411764706
1.0,0.75,1.0,1.0,1.0,0.5176470588235293,0.30666666666666664,0.38823529411764707
1.0,0.5,0.8,0.0,1.0,0.5294117647058822,0.56,0.5411764705882354
0.0,0.75,0.8,1.0,1.0,0.6235294117647059,0.68,0.7529411764705882
0.0,0.0,0.4,1.0,1.0,0.5411764705882354,0.5866666666666667,0.6000000000000001
0.0,1.0,0.8,0.0,1.0,0.8117647058823529,0.84,0.7882352941176471
0.0,0.25,0.6000000000000001,1.0,1.0,0.5529411764705883,0.56,0.6470588235294117
0.0,0.0,1.0,1.0,1.0,0.6470588235294117,0.6666666666666666,0.6470588235294117
1.0,0.25,0.4,0.0,0.0,0.7176470588235293,0.7466666666666667,0.6705882352941177
0.0,0.25,0.0,1.0,0.0,0.776470588235294,0.8933333333333334,0.9647058823529411
1.0,0.25,0.6000000000000001,0.0,1.0,0.4588235294117647,0.4666666666666667,0.5294117647058822
1.0,0.75,0.4,1.0,1.0,0.611764705882353,0.5333333333333333,0.5176470588235293
1.0,0.0,1.0,1.0,0.0,0.4823529411764706,0.3733333333333333,0.4470588235294118
1.0,0.75,0.2,0.0,1.0,0.5647058823529412,0.45333333333333337,0.4235294117647059
1.0,0.5,0.0,0.0,1.0,0.2823529411764706,0.2533333333333333,0.24705882352941178
1.0,0.5,0.6000000000000001,1.0,1.0,0.9176470588235293,0.7066666666666667,0.7294117647058824
0.0,1.0,1.0,0.0,0.0,0.588235294117647,0.6266666666666667,0.7176470588235293
1.0,0.0,0.0,1.0,1.0,0.8,0.7733333333333333,0.6470588235294117
1.0,0.75,0.0,0.0,0.0,0.7058823529411764,0.7066666666666667,0.7294117647058824
1.0,0.5,0.8,0.0,1.0,0.6588235294117648,0.6533333333333333,0.6823529411764706
0.0,0.5,0.8,1.0,1.0,0.36470588235294116,0.36,0.38823529411764707
0.0,0.75,0.2,1.0,0.0,0.5294117647058822,0.6533333333333333,0.6705882352941177
1.0,0.75,0.2,1.0,1.0,0.4705882352941177,0.1333333333333333,0.32941176470588235
1.0,0.5,0.6000000000000001,1.0,0.0,0.7529411764705882,0.6266666666666667,0.6941176470588235
1.0,0.5,0.0,0.0,1.0,0.5529411764705883,0.4,0.411764705882353
0.0,0.5,0.4,1.0,0.0,0.4705882352941177,0.6266666666666667,0.6470588235294117
0.0,0.25,0.8,1.0,1.0,0.5058823529411764,0.52,0.4823529411764706
1.0,0.75,0.0,0.0,1.0,0.7882352941176471,0.68,0.7058823529411764
0.0,0.25,0.4,0.0,1.0,0.1764705882352941,0.29333333333333333,0.36470588235294116
1.0,0.5,0.8,1.0,1.0,0.7647058823529411,0.7200000000000001,0.6941176470588235
1.0,0.75,0.8,1.0,1.0,0.976470588235294,0.84,0.8235294117647058
0.0,0.0,0.8,1.0,1.0,0.8,0.88,0.9058823529411764
0.0,0.25,0.2,1.0,1.0,0.776470588235294,0.7866666666666667,0.8352941176470587
0.0,0.5,0.4,0.0,0.0,0.4588235294117647,0.5733333333333334,0.6352941176470588
0.0,0.75,0.0,1.0,0.0,0.7882352941176471,0.9333333333333335,1.0
0.0,1.0,0.4,0.0,1.0,0.5529411764705883,0.6,0.5764705882352941
0.0,1.0,0.4,0.0,0.0,0.6470588235294117,0.6933333333333335,0.8352941176470587
0.0,0.5,0.8,1.0,1.0,0.7294117647058824,0.7999999999999999,0.8235294117647058
1.0,0.5,0.8,1.0,1.0,0.4705882352941177,0.30666666666666664,0.36470588235294116
1.0,0.75,0.4,1.0,0.0,0.7411764705882353,0.68,0.7647058823529411
1.0,0.0,0.0,0.0,0.0,0.6352941176470588,0.6933333333333335,0.7294117647058824
0.0,0.25,0.8,0.0,0.0,0.5058823529411764,0.4933333333333334,0.5764705882352941
0.0,0.75,0.4,0.0,0.0,0.2823529411764706,0.36,0.5058823529411764
1.0,0.75,1.0,1.0,1.0,0.7647058823529411,0.7333333333333333,0.7529411764705882
1.0,0.25,0.8,1.0,1.0,0.7176470588235293,0.6,0.611764705882353
0.0,0.0,0.4,1.0,1.0,0.4352941176470589,0.5733333333333334,0.6000000000000001
1.0,0.25,0.6000000000000001,1.0,1.0,0.8588235294117645,0.7066666666666667,0.8117647058823529
1.0,0.5,0.6000000000000001,0.0,1.0,0.7882352941176471,0.5866666666666667,0.7176470588235293
1.0,0.5,0.8,0.0,1.0,0.5529411764705883,0.5333333333333333,0.5411764705882354
0.0,1.0,1.0,1.0,0.0,0.8823529411764706,0.9466666666666667,0.976470588235294
0.0,0.0,0.0,0.0,1.0,0.3058823529411765,0.31999999999999995,0.4235294117647059
1.0,0.5,0.8,0.0,0.0,0.5176470588235293,0.5866666666666667,0.5647058823529412
0.0,0.25,0.8,1.0,1.0,0.5411764705882354,0.5866666666666667,0.6823529411764706
1.0,0.5,0.2,1.0,1.0,0.6235294117647059,0.41333333333333333,0.4941176470588235
0.0,0.5,0.0,1.0,1.0,0.5294117647058822,0.6666666666666666,0.6705882352941177
0.0,0.25,1.0,0.0,0.0,0.25882352941176473,0.30666666666666664,0.36470588235294116
1.0,1.0,0.8,0.0,1.0,0.611764705882353,0.56,0.5529411764705883
0.0,0.0,0.0,1.0,1.0,0.6823529411764706,0.68,0.6941176470588235
1.0,0.0,0.8,0.0,0.0,0.6941176470588235,0.6666666666666666,0.7411764705882353
0.0,0.5,0.8,0.0,0.0,0.611764705882353,0.8533333333333334,0.8705882352941177
0.0,0.25,0.8,0.0,1.0,0.25882352941176473,0.3466666666666667,0.4235294117647059
0.0,0.0,0.4,1.0,1.0,0.5411764705882354,0.64,0.6941176470588235
0.0,0.5,0.8,0.0,0.0,0.5764705882352941,0.7466666666666667,0.8470588235294116
0.0,0.75,0.8,1.0,1.0,0.6941176470588235,0.7466666666666667,0.7882352941176471
1.0,0.5,0.4,0.0,1.0,0.22352941176470592,0.15999999999999998,0.1411764705882353
0.0,0.75,0.4,1.0,1.0,0.4588235294117647,0.4933333333333334,0.5529411764705883
0.0,0.25,0.8,1.0,1.0,0.588235294117647,0.68,0.6470588235294117
1.0,0.75,0.8,1.0,1.0,0.776470588235294,0.8133333333333334,0.7411764705882353
1.0,1.0,0.6000000000000001,1.0,0.0,0.8588235294117645,0.8533333333333334,0.8470588235294116
1.0,0.75,1.0,1.0,1.0,0.7882352941176471,0.6,0.611764705882353
0.0,0.5,1.0,1.0,1.0,0.6470588235294117,0.6666666666666666,0.7411764705882353
1.0,0.5,1.0,1.0,0.0,0.5294117647058822,0.3466666666666667,0.4705882352941177
0.0,0.5,0.6000000000000001,1.0,1.0,0.6470588235294117,0.7466666666666667,0.7058823529411764
0.0,0.5,1.0,1.0,1.0,0.611764705882353,0.6266666666666667,0.6588235294117648
0.0,1.0,0.2,1.0,0.0,0.976470588235294,1.0,0.9882352941176471
1.0,0.75,1.0,0.0,0.0,0.23529411764705882,0.41333333333333333,0.4588235294117647
0.0,0.5,0.0,1.0,1.0,0.6352941176470588,0.7600000000000001,0.7411764705882353
1.0,0.75,0.4,0.0,0.0,0.27058823529411763,0.17333333333333334,0.3058823529411765
1.0,0.0,0.4,0.0,1.0,0.6470588235294117,0.6533333333333333,0.588235294117647
0.0,1.0,1.0,0.0,0.0,0.31764705882352945,0.45333333333333337,0.5176470588235293
0.0,0.0,1.0,0.0,1.0,0.37647058823529417,0.44000000000000006,0.4588235294117647
0.0,0.25,0.2,0.0,0.0,0.39999999999999997,0.42666666666666664,0.5411764705882354
1.0,1.0,0.8,1.0,0.0,0.8823529411764706,0.9066666666666666,0.8941176470588235
1.0,0.75,0.0,0.0,1.0,0.39999999999999997,0.3866666666666667,0.411764705882353
1.0,0.75,0.6000000000000001,0.0,1.0,0.8,0.8133333333333334,0.8470588235294116
1.0,0.5,0.0,0.0,1.0,0.7882352941176471,0.8133333333333334,0.7411764705882353
0.0,0.5,0.0,1.0,1.0,0.6705882352941177,0.5866666666666667,0.6470588235294117
0.0,0.75,0.0,1.0,1.0,0.611764705882353,0.56,0.611764705882353
1.0,0.25,0.6000000000000001,1.0,1.0,0.9058823529411764,0.8533333333333334,0.8
0.0,0.5,0.6000000000000001,1.0,1.0,0.5176470588235293,0.52,0.5764705882352941
1.0,0.75,0.2,1.0,1.0,0.5764705882352941,0.5066666666666667,0.5764705882352941
0.0,0.5,1.0,1.0,1.0,0.8588235294117645,0.8666666666666668,0.8823529411764706
1.0,0.75,0.8,1.0,1.0,0.9058823529411764,0.6933333333333335,0.8117647058823529
1.0,0.5,0.0,0.0,1.0,0.7882352941176471,0.64,0.6941176470588235
0.0,0.5,0.8,1.0,1.0,0.5176470588235293,0.6266666666666667,0.6470588235294117
1.0,0.5,0.4,0.0,1.0,0.35294117647058826,0.24,0.37647058823529417
1.0,0.5,0.4,0.0,1.0,0.4823529411764706,0.56,0.5529411764705883
1.0,0.25,0.4,1.0,1.0,0.4352941176470589,0.30666666666666664,0.39999999999999997
1.0,0.75,0.0,1.0,1.0,0.8352941176470587,0.6266666666666667,0.7176470588235293
0.0,0.75,0.8,1.0,0.0,0.776470588235294,0.9066666666666666,0.9294117647058824
0.0,0.25,0.0,0.0,1.0,0.5411764705882354,0.52,0.5647058823529412
1.0,0.25,0.4,1.0,1.0,0.4235294117647059,0.36,0.36470588235294116
0.0,0.75,0.2,0.0,1.0,0.6352941176470588,0.7999999999999999,0.8
1.0,0.25,0.4,1.0,1.0,0.776470588235294,0.6133333333333334,0.5529411764705883
0.0,0.75,0.2,0.0,1.0,0.6823529411764706,0.7999999999999999,0.8
0.0,1.0,0.2,1.0,0.0,0.9058823529411764,0.8266666666666668,0.9058823529411764
1.0,1.0,0.0,1.0,1.0,0.6588235294117648,0.5066666666666667,0.4470588235294118
0.0,0.5,0.4,1.0,1.0,0.5411764705882354,0.42666666666666664,0.4705882352941177
1.0,0.5,0.0,1.0,1.0,0.7647058823529411,0.68,0.6941176470588235
1.0,0.25,1.0,0.0,1.0,0.27058823529411763,0.17333333333333334,0.1764705882352941
1.0,0.25,1.0,1.0,0.0,0.6705882352941177,0.4933333333333334,0.5529411764705883
0.0,1.0,0.8,1.0,0.0,0.9529411764705882,0.9733333333333333,1.0
0.0,0.25,0.0,1.0,0.0,0.5764705882352941,0.5466666666666666,0.6705882352941177
0.0,0.25,1.0,1.0,1.0,0.34117647058823525,0.5333333333333333,0.5176470588235293
0.0,0.75,0.8,1.0,0.0,0.776470588235294,0.9866666666666667,0.9529411764705882
1.0,0.25,0.4,1.0,0.0,0.8235294117647058,0.6666666666666666,0.6705882352941177
1.0,1.0,0.0,1.0,1.0,0.7882352941176471,0.68,0.6588235294117648
1.0,0.25,0.0,1.0,1.0,0.6705882352941177,0.56,0.5764705882352941
0.0,0.5,0.6000000000000001,0.0,1.0,0.32941176470588235,0.42666666666666664,0.5176470588235293
0.0,0.25,0.8,1.0,1.0,0.5058823529411764,0.5866666666666667,0.5647058823529412
1.0,1.0,0.8,0.0,0.0,0.6705882352941177,0.64,0.7058823529411764
1.0,0.75,0.8,1.0,0.0,0.7647058823529411,0.56,0.6705882352941177
1.0,0.75,0.4,1.0,1.0,0.776470588235294,0.4933333333333334,0.5411764705882354
1.0,1.0,1.0,0.0,1.0,0.6000000000000001,0.4666666666666667,0.5176470588235293
1.0,0.25,0.0,1.0,1.0,0.6941176470588235,0.5333333333333333,0.5411764705882354
1.0,0.75,0.6000000000000001,0.0,0.0,0.7058823529411764,0.6,0.7176470588235293
1.0,0.5,0.8,1.0,1.0,0.6235294117647059,0.44000000000000006,0.4588235294117647
1.0,0.75,1.0,0.0,1.0,0.611764705882353,0.5066666666666667,0.5647058823529412
1.0,0.25,0.8,1.0,1.0,0.5058823529411764,0.29333333333333333,0.35294117647058826
1.0,0.75,0.8,1.0,1.0,0.7529411764705882,0.41333333333333333,0.6235294117647059
1.0,0.5,1.0,1.0,1.0,0.5647058823529412,0.5066666666666667,0.5647058823529412
0.0,0.25,0.0,0.0,1.0,0.5176470588235293,0.6266666666666667,0.6705882352941177
1.0,0.5,0.2,0.0,1.0,0.37647058823529417,0.3733333333333333,0.31764705882352945
1.0,0.75,0.8,0.0,0.0,0.611764705882353,0.7066666666666667,0.6470588235294117
1.0,0.0,0.8,1.0,0.0,0.9058823529411764,0.8133333333333334,0.8588235294117645
1.0,0.75,0.0,1.0,1.0,0.34117647058823525,0.2666666666666667,0.3058823529411765
1.0,0.5,0.6000000000000001,0.0,1.0,0.4941176470588235,0.3866666666666667,0.38823529411764707
0.0,0.75,0.2,1.0,0.0,0.8,1.0,1.0
0.0,0.0,0.6000000000000001,1.0,0.0,0.6235294117647059,0.68,0.7176470588235293
1.0,0.25,0.0,1.0,1.0,0.5176470588235293,0.36,0.35294117647058826
0.0,0.25,1.0,0.0,1.0,0.24705882352941178,0.3466666666666667,0.39999999999999997
1.0,0.0,0.8,1.0,0.0,0.4823529411764706,0.3466666666666667,0.34117647058823525
0.0,1.0,0.4,0.0,0.0,0.7647058823529411,0.92,0.9647058823529411
1.0,0.5,0.8,0.0,0.0,0.5529411764705883,0.6266666666666667,0.611764705882353
1.0,0.75,1.0,1.0,1.0,0.8823529411764706,0.6266666666666667,0.7529411764705882
1.0,0.0,0.0,1.0,0.0,0.4705882352941177,0.4933333333333334,0.5058823529411764
0.0,0.5,0.2,0.0,0.0,0.34117647058823525,0.2666666666666667,0.4352941176470589
1.0,0.5,0.4,1.0,0.0,0.6705882352941177,0.5066666666666667,0.6000000000000001
0.0,1.0,0.4,1.0,1.0,0.9058823529411764,0.92,0.9294117647058824
1.0,0.25,0.4,0.0,0.0,0.6823529411764706,0.5733333333333334,0.6588235294117648
0.0,0.75,0.4,1.0,0.0,0.7058823529411764,0.6533333333333333,0.7058823529411764
1.0,1.0,0.0,1.0,0.0,0.7882352941176471,0.7066666666666667,0.7411764705882353
1.0,0.5,1.0,1.0,1.0,0.8117647058823529,0.7866666666666667,0.6941176470588235
1.0,0.5,0.6000000000000001,1.0,1.0,0.776470588235294,0.7333333333333333,0.6823529411764706
1.0,0.0,0.8,1.0,1.0,0.7882352941176471,0.5733333333333334,0.5647058823529412
0.0,0.5,0.6000000000000001,1.0,0.0,0.7529411764705882,0.8933333333333334,0.8470588235294116
0.0,0.5,0.4,1.0,1.0,0.18823529411764706,0.31999999999999995,0.31764705882352945
1.0,1.0,1.0,1.0,1.0,0.6823529411764706,0.4933333333333334,0.5176470588235293
0.0,1.0,0.8,1.0,1.0,0.8705882352941177,0.9066666666666666,0.976470588235294
1.0,1.0,0.2,1.0,0.0,1.0,1.0,1.0
0.0,0.75,0.0,0.0,0.0,0.37647058823529417,0.44000000000000006,0.4823529411764706
1.0,1.0,1.0,1.0,1.0,0.9294117647058824,0.6666666666666666,0.7058823529411764
1.0,0.25,0.0,1.0,0.0,0.7529411764705882,0.6933333333333335,0.7058823529411764
1.0,0.5,0.4,0.0,0.0,0.7294117647058824,0.7333333333333333,0.6941176470588235
1.0,0.75,0.8,1.0,1.0,0.5647058823529412,0.4666666666666667,0.4470588235294118
1.0,0.0,0.4,1.0,1.0,0.4823529411764706,0.2666666666666667,0.27058823529411763
0.0,0.25,0.0,0.0,0.0,0.5058823529411764,0.56,0.6470588235294117
1.0,0.5,0.8,1.0,0.0,0.7294117647058824,0.7333333333333333,0.8235294117647058
0.0,1.0,0.8,1.0,0.0,0.7882352941176471,0.7999999999999999,0.8941176470588235
0.0,0.25,0.4,0.0,1.0,0.4235294117647059,0.5866666666666667,0.5764705882352941
1.0,1.0,1.0,1.0,1.0,0.9058823529411764,0.7333333333333333,0.7411764705882353
0.0,0.5,0.4,1.0,1.0,0.8470588235294116,0.8666666666666668,0.8235294117647058
1.0,1.0,0.0,1.0,0.0,0.8588235294117645,0.7066666666666667,0.8352941176470587
0.0,0.5,0.8,1.0,1.0,0.7294117647058824,0.7200000000000001,0.7411764705882353
0.0,1.0,0.8,1.0,1.0,0.5529411764705883,0.5333333333333333,0.588235294117647
1.0,0.75,0.0,1.0,1.0,0.5411764705882354,0.41333333333333333,0.4823529411764706
0.0,0.5,0.0,0.0,1.0,0.588235294117647,0.5466666666666666,0.6000000000000001
1.0,1.0,0.6000000000000001,1.0,0.0,0.8117647058823529,0.68,0.776470588235294
0.0,0.75,1.0,0.0,1.0,0.1764705882352941,0.45333333333333337,0.4235294117647059
1.0,0.0,0.0,0.0,0.0,0.5647058823529412,0.48,0.5764705882352941
0.0,1.0,0.4,1.0,1.0,0.7529411764705882,0.7066666666666667,0.8
0.0,0.5,0.8,1.0,1.0,0.4235294117647059,0.6266666666666667,0.5647058823529412
0.0,0.75,0.8,1.0,1.0,0.6000000000000001,0.6,0.611764705882353
0.0,0.75,0.0,1.0,1.0,0.5647058823529412,0.5866666666666667,0.6000000000000001
0.0,0.75,0.0,0.0,1.0,0.6588235294117648,0.7066666666666667,0.776470588235294
0.0,0.5,0.6000000000000001,1.0,1.0,0.6352941176470588,0.68,0.6588235294117648
0.0,0.5,0.8,0.0,1.0,0.6470588235294117,0.7466666666666667,0.7176470588235293
1.0,0.75,1.0,1.0,1.0,0.611764705882353,0.45333333333333337,0.5176470588235293
0.0,0.5,1.0,1.0,1.0,0.4470588235294118,0.30666666666666664,0.39999999999999997
0.0,0.25,0.2,0.0,1.0,0.411764705882353,0.4933333333333334,0.5529411764705883
0.0,0.5,0.4,1.0,1.0,0.5176470588235293,0.5066666666666667,0.5411764705882354
0.0,0.5,0.4,0.0,0.0,0.4588235294117647,0.6266666666666667,0.6235294117647059
1.0,1.0,0.8,1.0,1.0,0.776470588235294,0.6266666666666667,0.6470588235294117
1.0,0.5,0.4,1.0,1.0,0.6352941176470588,0.44000000000000006,0.4352941176470589
1.0,1.0,0.4,1.0,1.0,0.8470588235294116,0.7866666666666667,0.7176470588235293
0.0,0.25,0.2,1.0,1.0,0.8588235294117645,0.7866666666666667,0.8588235294117645
0.0,1.0,0.2,1.0,1.0,0.4352941176470589,0.3733333333333333,0.4705882352941177
0.0,0.5,1.0,1.0,1.0,0.5294117647058822,0.48,0.4941176470588235
0.0,0.75,1.0,1.0,0.0,0.7294117647058824,0.7733333333333333,0.8117647058823529
1.0,0.5,0.0,0.0,0.0,0.37647058823529417,0.31999999999999995,0.39999999999999997
1.0,0.5,0.8,1.0,1.0,0.7176470588235293,0.5333333333333333,0.5058823529411764
0.0,0.25,0.8,1.0,0.0,0.9058823529411764,1.0,1.0
0.0,1.0,1.0,1.0,1.0,0.8470588235294116,0.8266666666666668,0.8117647058823529
0.0,0.75,0.4,1.0,1.0,0.6941176470588235,0.7600000000000001,0.776470588235294
1.0,0.0,1.0,1.0,0.0,0.611764705882353,0.4666666666666667,0.6352941176470588
1.0,0.25,0.8,0.0,1.0,0.4823529411764706,0.29333333333333333,0.38823529411764707
0.0,0.75,0.0,1.0,1.0,0.8117647058823529,0.8933333333333334,0.8823529411764706
1.0,0.25,0.0,1.0,1.0,0.6823529411764706,0.3866666666666667,0.4941176470588235
1.0,0.75,0.6000000000000001,0.0,1.0,0.7058823529411764,0.5333333333333333,0.588235294117647
1.0,0.75,0.4,1.0,0.0,0.6470588235294117,0.6266666666666667,0.611764705882353
1.0,0.5,0.4,1.0,1.0,0.7529411764705882,0.6266666666666667,0.6705882352941177
1.0,0.5,0.2,1.0,0.0,0.8352941176470587,0.6933333333333335,0.7647058823529411
0.0,0.25,0.4,1.0,0.0,0.7294117647058824,0.7733333333333333,0.8941176470588235
1.0,0.75,0.4,0.0,0.0,0.5058823529411764,0.56,0.611764705882353
1.0,0.5,0.8,0.0,0.0,0.6470588235294117,0.5466666666666666,0.6235294117647059
0.0,0.75,0.6000000000000001,1.0,1.0,0.6352941176470588,0.56,0.7411764705882353
1.0,0.75,0.8,1.0,0.0,0.9294117647058824,0.9600000000000001,0.9411764705882353
0.0,1.0,0.8,0.0,1.0,0.7176470588235293,0.7600000000000001,0.776470588235294
0.0,0.5,0.4,1.0,1.0,0.6588235294117648,0.6266666666666667,0.6352941176470588
1.0,0.5,0.0,1.0,1.0,0.7176470588235293,0.6266666666666667,0.6823529411764706
1.0,0.75,0.2,0.0,1.0,0.8235294117647058,0.7066666666666667,0.776470588235294
1.0,0.5,1.0,1.0,1.0,0.9294117647058824,0.7866666666666667,0.7647058823529411
1.0,1.0,0.6000000000000001,1.0,1.0,0.8941176470588235,0.7600000000000001,0.6941176470588235
1.0,0.75,0.0,1.0,0.0,1.0,1.0,0.976470588235294
1.0,0.25,0.4,1.0,1.0,0.588235294117647,0.5466666666666666,0.5411764705882354
0.0,0.75,0.2,0.0,1.0,0.6235294117647059,0.7200000000000001,0.7411764705882353
1.0,0.5,0.4,0.0,1.0,0.5176470588235293,0.4666666666666667,0.4823529411764706
0.0,0.25,0.2,1.0,1.0,0.6823529411764706,0.8266666666666668,0.8705882352941177
1.0,0.25,0.8,0.0,0.0,0.7176470588235293,0.7733333333333333,0.7411764705882353
0.0,0.5,1.0,1.0,1.0,0.8352941176470587,0.8933333333333334,0.8
0.0,0.5,0.0,1.0,0.0,0.7058823529411764,0.6533333333333333,0.7647058823529411
1.0,0.75,1.0,1.0,1.0,0.6235294117647059,0.3733333333333333,0.4470588235294118
0.0,0.75,0.4,0.0,1.0,0.6235294117647059,0.64,0.6588235294117648
1.0,0.75,0.8,1.0,1.0,0.5176470588235293,0.4933333333333334,0.4352941176470589
1.0,0.25,0.2,1.0,1.0,0.8117647058823529,0.7333333333333333,0.7294117647058824
1.0,0.75,0.8,0.0,1.0,0.611764705882353,0.44000000000000006,0.5058823529411764
1.0,0.5,0.0,0.0,1.0,0.5176470588235293,0.52,0.5294117647058822
1.0,0.5,0.2,0.0,1.0,0.5058823529411764,0.5466666666666666,0.611764705882353
1.0,0.75,0.0,1.0,1.0,0.6705882352941177,0.4933333333333334,0.5294117647058822
0.0,0.0,0.0,1.0,1.0,0.5411764705882354,0.5333333333333333,0.5176470588235293
0.0,0.25,1.0,0.0,1.0,0.4705882352941177,0.6,0.5294117647058822
0.0,0.75,0.2,1.0,1.0,0.3058823529411765,0.3466666666666667,0.4470588235294118
0.0,0.75,0.8,0.0,1.0,0.24705882352941178,0.2666666666666667,0.34117647058823525
1.0,1.0,0.0,1.0,0.0,0.8117647058823529,0.6666666666666666,0.7058823529411764
1.0,1.0,0.0,0.0,1.0,0.4941176470588235,0.2666666666666667,0.31764705882352945
0.0,0.5,0.0,1.0,1.0,0.776470588235294,0.9466666666666667,0.9176470588235293
1.0,0.0,1.0,1.0,1.0,0.5176470588235293,0.4666666666666667,0.411764705882353
1.0,0.75,0.8,0.0,1.0,0.6000000000000001,0.41333333333333333,0.4823529411764706
1.0,0.5,0.8,0.0,0.0,0.588235294117647,0.4933333333333334,0.5647058823529412
0.0,0.5,0.0,1.0,1.0,0.588235294117647,0.7999999999999999,0.7647058823529411
0.0,0.0,1.0,0.0,0.0,0.4470588235294118,0.6933333333333335,0.7058823529411764
1.0,0.25,1.0,1.0,1.0,0.7529411764705882,0.5866666666666667,0.6470588235294117
0.0,0.5,0.0,1.0,0.0,0.8705882352941177,0.8133333333333334,0.9058823529411764
0.0,1.0,0.4,0.0,1.0,0.8235294117647058,0.88,0.8588235294117645
0.0,0.5,0.8,1.0,1.0,0.7529411764705882,0.9066666666666666,0.776470588235294
0.0,0.25,0.0,1.0,0.0,0.8,0.9466666666666667,0.9529411764705882
0.0,1.0,1.0,0.0,1.0,0.5529411764705883,0.6133333333333334,0.5411764705882354
0.0,1.0,0.8,1.0,1.0,0.5764705882352941,0.5733333333333334,0.5294117647058822
0.0,1.0,0.2,1.0,1.0,0.6000000000000001,0.5333333333333333,0.7176470588235293
0.0,0.25,1.0,0.0,1.0,0.24705882352941178,0.36,0.4235294117647059
0.0,0.5,1.0,1.0,1.0,0.6941176470588235,0.6933333333333335,0.6705882352941177
0.0,0.25,0.2,1.0,0.0,0.8235294117647058,0.9466666666666667,0.9411764705882353
0.0,0.5,0.4,1.0,0.0,0.34117647058823525,0.5866666666666667,0.6235294117647059
0.0,1.0,0.8,1.0,0.0,0.6235294117647059,0.7066666666666667,0.7294117647058824
0.0,0.5,0.8,1.0,0.0,0.5176470588235293,0.5466666666666666,0.6588235294117648
1.0,0.25,0.4,1.0,1.0,0.5764705882352941,0.42666666666666664,0.4352941176470589
0.0,0.5,0.8,0.0,1.0,0.5529411764705883,0.6533333333333333,0.6941176470588235
1.0,0.5,0.6000000000000001,0.0,1.0,0.35294117647058826,0.3733333333333333,0.35294117647058826
1.0,0.75,0.4,1.0,1.0,0.8235294117647058,0.7466666666666667,0.8
1.0,0.5,1.0,1.0,1.0,0.35294117647058826,0.30666666666666664,0.36470588235294116
1.0,0.25,0.0,1.0,1.0,0.776470588235294,0.5466666666666666,0.5058823529411764
1.0,0.5,0.4,1.0,1.0,0.588235294117647,0.6,0.4941176470588235
0.0,0.5,0.4,0.0,1.0,0.38823529411764707,0.4666666666666667,0.4705882352941177
0.0,0.5,0.4,1.0,1.0,0.5176470588235293,0.5466666666666666,0.6352941176470588
0.0,0.5,0.8,1.0,0.0,0.7647058823529411,0.84,0.8823529411764706
0.0,0.0,0.2,1.0,0.0,0.6000000000000001,0.7333333333333333,0.7058823529411764
0.0,0.25,0.2,1.0,0.0,0.7647058823529411,0.9066666666666666,0.9882352941176471
1.0,1.0,1.0,0.0,1.0,0.37647058823529417,0.3866666666666667,0.38823529411764707
0.0,0.25,0.4,1.0,1.0,0.6941176470588235,0.8666666666666668,0.8
1.0,0.25,0.2,0.0,1.0,0.4705882352941177,0.45333333333333337,0.39999999999999997
1.0,0.75,0.0,1.0,1.0,1.0,0.9066666666666666,0.8705882352941177
1.0,0.5,1.0,1.0,1.0,0.8,0.7866666666666667,0.7411764705882353
1.0,0.5,0.0,1.0,1.0,0.7176470588235293,0.6533333333333333,0.611764705882353
1.0,1.0,1.0,1.0,0.0,0.8470588235294116,0.7733333333333333,0.7647058823529411
1.0,0.5,1.0,1.0,1.0,0.15294117647058825,0.026666666666666672,0.09411764705882353
1.0,0.75,1.0,1.0,0.0,0.7176470588235293,0.7066666666666667,0.7529411764705882
0.0,1.0,0.2,1.0,1.0,0.8352941176470587,0.8266666666666668,0.8823529411764706
0.0,0.0,0.2,0.0,1.0,0.588235294117647,0.52,0.6823529411764706
1.0,0.75,0.6000000000000001,1.0,1.0,0.8588235294117645,0.6266666666666667,0.7411764705882353
0.0,0.75,0.6000000000000001,1.0,0.0,0.8470588235294116,0.9333333333333335,1.0
1.0,0.75,1.0,1.0,1.0,0.4235294117647059,0.3733333333333333,0.35294117647058826
1.0,0.75,0.0,1.0,0.0,0.611764705882353,0.4933333333333334,0.611764705882353
0.0,0.5,1.0,1.0,1.0,0.6470588235294117,0.6933333333333335,0.7176470588235293
0.0,0.0,0.0,1.0,1.0,0.6705882352941177,0.6933333333333335,0.7294117647058824
1.0,0.0,0.0,0.0,0.0,0.7058823529411764,0.56,0.611764705882353
1.0,0.75,1.0,1.0,1.0,0.8,0.6533333333333333,0.7647058823529411
0.0,0.25,0.0,1.0,1.0,0.7882352941176471,0.9600000000000001,0.8823529411764706
1.0,0.5,0.8,1.0,1.0,0.7294117647058824,0.6933333333333335,0.6588235294117648
1.0,0.5,0.8,1.0,1.0,0.7647058823529411,0.5466666666666666,0.6000000000000001
0.0,0.0,0.4,1.0,0.0,0.611764705882353,0.8133333333333334,0.8352941176470587
1.0,1.0,0.4,1.0,1.0,0.7647058823529411,0.6266666666666667,0.5529411764705883
1.0,0.75,0.4,1.0,1.0,0.5058823529411764,0.29333333333333333,0.35294117647058826
